****************************************
Report : constraint
        -all_violators
Design : NV_NVDLA_partition_o
Version: O-2018.06-SP1
Date   : Sat Aug  1 22:37:52 2026
****************************************

   late_timing
   -----------

Endpoint                         Path Delay     Path Required       CRP    Slack Group    Scenario
----------------------------------------------------------------------------------------------------------
No paths.

   early_timing
   -----------

Endpoint                         Path Delay     Path Required       CRP    Slack Group    Scenario
----------------------------------------------------------------------------------------------------------
u_NV_NVDLA_pdp_u_rdma_u_eg_u_lat_fifo_ram_r_nv_ram_rwsp_61x65_ram_Inst_61X66_1/I1[26] (SRAM2RW64x32)
                                   0.24 f         0.38           0.00    -0.13   nvdla_core_clk
                                                                                          func_slow_cmax
u_NV_NVDLA_cdp_u_rdma_u_eg_u_lat_fifo_ram_r_nv_ram_rwsp_61x65_ram_Inst_61X66_1/I1[29] (SRAM2RW64x32)
                                   0.24 f         0.38           0.00    -0.13   nvdla_core_clk
                                                                                          func_slow_cmax
u_NV_NVDLA_cdp_u_rdma_u_eg_u_lat_fifo_ram_r_nv_ram_rwsp_61x65_ram_Inst_61X66_1/I1[22] (SRAM2RW64x32)
                                   0.24 f         0.38           0.00    -0.13   nvdla_core_clk
                                                                                          func_slow_cmax
u_NV_NVDLA_cdp_u_rdma_u_eg_u_lat_fifo_ram_r_nv_ram_rwsp_61x65_ram_Inst_61X66_1/I1[30] (SRAM2RW64x32)
                                   0.24 f         0.37           0.00    -0.13   nvdla_core_clk
                                                                                          func_slow_cmax
u_NV_NVDLA_cdp_u_rdma_u_eg_u_lat_fifo_ram_r_nv_ram_rwsp_61x65_ram_Inst_61X66_1/I1[23] (SRAM2RW64x32)
                                   0.24 f         0.38           0.00    -0.13   nvdla_core_clk
                                                                                          func_slow_cmax
u_NV_NVDLA_pdp_u_rdma_u_eg_u_lat_fifo_ram_r_nv_ram_rwsp_61x65_ram_Inst_61X66_1/I1[11] (SRAM2RW64x32)
                                   0.24 f         0.37           0.00    -0.13   nvdla_core_clk
                                                                                          func_slow_cmax
u_NV_NVDLA_cdp_u_rdma_u_eg_u_lat_fifo_ram_r_nv_ram_rwsp_61x65_ram_Inst_61X66_1/I1[20] (SRAM2RW64x32)
                                   0.24 f         0.37           0.00    -0.13   nvdla_core_clk
                                                                                          func_slow_cmax
u_NV_NVDLA_pdp_u_rdma_u_eg_u_lat_fifo_ram_r_nv_ram_rwsp_61x65_ram_Inst_61X66_1/I1[27] (SRAM2RW64x32)
                                   0.25 f         0.38           0.00    -0.13   nvdla_core_clk
                                                                                          func_slow_cmax
u_NV_NVDLA_pdp_u_rdma_u_eg_u_lat_fifo_ram_r_nv_ram_rwsp_61x65_ram_Inst_61X66_1/I1[29] (SRAM2RW64x32)
                                   0.25 f         0.37           0.00    -0.13   nvdla_core_clk
                                                                                          func_slow_cmax
u_NV_NVDLA_pdp_u_rdma_u_eg_u_lat_fifo_ram_r_nv_ram_rwsp_61x65_ram_Inst_61X66_1/I1[17] (SRAM2RW64x32)
                                   0.25 f         0.38           0.00    -0.13   nvdla_core_clk
                                                                                          func_slow_cmax
u_NV_NVDLA_pdp_u_rdma_u_eg_u_lat_fifo_ram_r_nv_ram_rwsp_61x65_ram_Inst_61X66_1/I1[23] (SRAM2RW64x32)
                                   0.25 f         0.37           0.00    -0.13   nvdla_core_clk
                                                                                          func_slow_cmax
u_NV_NVDLA_cdp_u_rdma_u_eg_u_lat_fifo_ram_r_nv_ram_rwsp_61x65_ram_Inst_61X66_1/I1[13] (SRAM2RW64x32)
                                   0.25 f         0.37           0.00    -0.13   nvdla_core_clk
                                                                                          func_slow_cmax
u_NV_NVDLA_pdp_u_rdma_u_eg_u_lat_fifo_ram_r_nv_ram_rwsp_61x65_ram_Inst_61X66_1/I1[20] (SRAM2RW64x32)
                                   0.25 f         0.37           0.00    -0.13   nvdla_core_clk
                                                                                          func_slow_cmax
u_NV_NVDLA_cdp_u_rdma_u_eg_u_lat_fifo_ram_r_nv_ram_rwsp_61x65_ram_Inst_61X66_1/I1[25] (SRAM2RW64x32)
                                   0.25 f         0.38           0.00    -0.13   nvdla_core_clk
                                                                                          func_slow_cmax
u_NV_NVDLA_cdp_u_rdma_u_eg_u_lat_fifo_ram_r_nv_ram_rwsp_61x65_ram_Inst_61X66_1/I1[6] (SRAM2RW64x32)
                                   0.25 f         0.37           0.00    -0.13   nvdla_core_clk
                                                                                          func_slow_cmax
u_NV_NVDLA_pdp_u_rdma_u_eg_u_lat_fifo_ram_r_nv_ram_rwsp_61x65_ram_Inst_61X66_1/I1[10] (SRAM2RW64x32)
                                   0.25 f         0.37           0.00    -0.13   nvdla_core_clk
                                                                                          func_slow_cmax
u_NV_NVDLA_pdp_u_rdma_u_eg_u_lat_fifo_ram_r_nv_ram_rwsp_61x65_ram_Inst_61X66_1/I1[31] (SRAM2RW64x32)
                                   0.25 f         0.37           0.00    -0.13   nvdla_core_clk
                                                                                          func_slow_cmax
u_NV_NVDLA_pdp_u_rdma_u_eg_u_lat_fifo_ram_r_nv_ram_rwsp_61x65_ram_Inst_61X66_1/I1[2] (SRAM2RW64x32)
                                   0.25 f         0.37           0.00    -0.13   nvdla_core_clk
                                                                                          func_slow_cmax
u_NV_NVDLA_cdp_u_rdma_u_eg_u_lat_fifo_ram_r_nv_ram_rwsp_61x65_ram_Inst_61X66_1/I1[0] (SRAM2RW64x32)
                                   0.25 f         0.38           0.00    -0.13   nvdla_core_clk
                                                                                          func_slow_cmax
u_NV_NVDLA_pdp_u_rdma_u_eg_u_lat_fifo_ram_r_nv_ram_rwsp_61x65_ram_Inst_61X66_1/I1[14] (SRAM2RW64x32)
                                   0.25 f         0.37           0.00    -0.13   nvdla_core_clk
                                                                                          func_slow_cmax
u_NV_NVDLA_pdp_u_rdma_u_eg_u_lat_fifo_ram_r_nv_ram_rwsp_61x65_ram_Inst_61X66_1/I1[19] (SRAM2RW64x32)
                                   0.25 f         0.37           0.00    -0.13   nvdla_core_clk
                                                                                          func_slow_cmax
u_NV_NVDLA_cdp_u_rdma_u_eg_u_lat_fifo_ram_r_nv_ram_rwsp_61x65_ram_Inst_61X66_1/I1[21] (SRAM2RW64x32)
                                   0.25 f         0.37           0.00    -0.13   nvdla_core_clk
                                                                                          func_slow_cmax
u_NV_NVDLA_cdp_u_rdma_u_eg_u_lat_fifo_ram_r_nv_ram_rwsp_61x65_ram_Inst_61X66_1/I1[27] (SRAM2RW64x32)
                                   0.25 f         0.37           0.00    -0.13   nvdla_core_clk
                                                                                          func_slow_cmax
u_NV_NVDLA_pdp_u_rdma_u_eg_u_lat_fifo_ram_r_nv_ram_rwsp_61x65_ram_Inst_61X66_1/I1[9] (SRAM2RW64x32)
                                   0.25 f         0.37           0.00    -0.12   nvdla_core_clk
                                                                                          func_slow_cmax
u_NV_NVDLA_pdp_u_rdma_u_eg_u_lat_fifo_ram_r_nv_ram_rwsp_61x65_ram_Inst_61X66_1/I1[16] (SRAM2RW64x32)
                                   0.25 f         0.38           0.00    -0.12   nvdla_core_clk
                                                                                          func_slow_cmax
u_NV_NVDLA_cdp_u_rdma_u_eg_u_lat_fifo_ram_r_nv_ram_rwsp_61x65_ram_Inst_61X66_1/I1[19] (SRAM2RW64x32)
                                   0.25 f         0.37           0.00    -0.12   nvdla_core_clk
                                                                                          func_slow_cmax
u_NV_NVDLA_cdp_u_rdma_u_eg_u_lat_fifo_ram_r_nv_ram_rwsp_61x65_ram_Inst_61X66_1/I1[31] (SRAM2RW64x32)
                                   0.25 f         0.38           0.00    -0.12   nvdla_core_clk
                                                                                          func_slow_cmax
u_NV_NVDLA_pdp_u_rdma_u_eg_u_lat_fifo_ram_r_nv_ram_rwsp_61x65_ram_Inst_61X66_1/I1[6] (SRAM2RW64x32)
                                   0.26 f         0.37           0.00    -0.12   nvdla_core_clk
                                                                                          func_slow_cmax
u_NV_NVDLA_pdp_u_rdma_u_eg_u_lat_fifo_ram_r_nv_ram_rwsp_61x65_ram_Inst_61X66_1/I1[18] (SRAM2RW64x32)
                                   0.26 f         0.37           0.00    -0.12   nvdla_core_clk
                                                                                          func_slow_cmax
u_NV_NVDLA_cdp_u_rdma_u_eg_u_lat_fifo_ram_r_nv_ram_rwsp_61x65_ram_Inst_61X66_1/I1[10] (SRAM2RW64x32)
                                   0.26 f         0.37           0.00    -0.12   nvdla_core_clk
                                                                                          func_slow_cmax
u_NV_NVDLA_pdp_u_rdma_u_eg_u_lat_fifo_ram_r_nv_ram_rwsp_61x65_ram_Inst_61X66_1/I1[30] (SRAM2RW64x32)
                                   0.26 f         0.37           0.00    -0.12   nvdla_core_clk
                                                                                          func_slow_cmax
u_NV_NVDLA_pdp_u_rdma_u_eg_u_lat_fifo_ram_r_nv_ram_rwsp_61x65_ram_Inst_61X66_1/I1[4] (SRAM2RW64x32)
                                   0.26 f         0.37           0.00    -0.12   nvdla_core_clk
                                                                                          func_slow_cmax
u_NV_NVDLA_pdp_u_rdma_u_eg_u_lat_fifo_ram_r_nv_ram_rwsp_61x65_ram_Inst_61X66_1/I1[13] (SRAM2RW64x32)
                                   0.26 f         0.37           0.00    -0.12   nvdla_core_clk
                                                                                          func_slow_cmax
u_NV_NVDLA_pdp_u_rdma_u_eg_u_lat_fifo_ram_r_nv_ram_rwsp_61x65_ram_Inst_61X66_1/I1[25] (SRAM2RW64x32)
                                   0.26 f         0.37           0.00    -0.12   nvdla_core_clk
                                                                                          func_slow_cmax
u_NV_NVDLA_cdp_u_rdma_u_eg_u_lat_fifo_ram_r_nv_ram_rwsp_61x65_ram_Inst_61X66_1/I1[5] (SRAM2RW64x32)
                                   0.26 f         0.37           0.00    -0.12   nvdla_core_clk
                                                                                          func_slow_cmax
u_NV_NVDLA_pdp_u_rdma_u_eg_u_lat_fifo_ram_r_nv_ram_rwsp_61x65_ram_Inst_61X66_1/I1[3] (SRAM2RW64x32)
                                   0.26 f         0.37           0.00    -0.12   nvdla_core_clk
                                                                                          func_slow_cmax
u_NV_NVDLA_pdp_u_rdma_u_eg_u_lat_fifo_ram_r_nv_ram_rwsp_61x65_ram_Inst_61X66_1/I1[28] (SRAM2RW64x32)
                                   0.26 f         0.37           0.00    -0.12   nvdla_core_clk
                                                                                          func_slow_cmax
u_NV_NVDLA_pdp_u_rdma_u_eg_u_lat_fifo_ram_r_nv_ram_rwsp_61x65_ram_Inst_61X66_1/I1[7] (SRAM2RW64x32)
                                   0.26 f         0.37           0.00    -0.12   nvdla_core_clk
                                                                                          func_slow_cmax
u_NV_NVDLA_cdp_u_rdma_u_eg_u_lat_fifo_ram_r_nv_ram_rwsp_61x65_ram_Inst_61X66_1/I1[17] (SRAM2RW64x32)
                                   0.26 f         0.37           0.00    -0.11   nvdla_core_clk
                                                                                          func_slow_cmax
u_NV_NVDLA_pdp_u_rdma_u_eg_u_lat_fifo_ram_r_nv_ram_rwsp_61x65_ram_Inst_61X66_1/I1[15] (SRAM2RW64x32)
                                   0.26 f         0.37           0.00    -0.11   nvdla_core_clk
                                                                                          func_slow_cmax
u_NV_NVDLA_cdp_u_rdma_u_eg_u_lat_fifo_ram_r_nv_ram_rwsp_61x65_ram_Inst_61X66_1/I1[2] (SRAM2RW64x32)
                                   0.26 f         0.37           0.00    -0.11   nvdla_core_clk
                                                                                          func_slow_cmax
u_NV_NVDLA_pdp_u_rdma_u_eg_u_lat_fifo_ram_r_nv_ram_rwsp_61x65_ram_Inst_61X66_1/I1[21] (SRAM2RW64x32)
                                   0.26 f         0.37           0.00    -0.11   nvdla_core_clk
                                                                                          func_slow_cmax
u_NV_NVDLA_cdp_u_rdma_u_eg_u_lat_fifo_ram_r_nv_ram_rwsp_61x65_ram_Inst_61X66_1/I1[4] (SRAM2RW64x32)
                                   0.26 f         0.37           0.00    -0.11   nvdla_core_clk
                                                                                          func_slow_cmax
u_NV_NVDLA_pdp_u_rdma_u_eg_u_lat_fifo_ram_r_nv_ram_rwsp_61x65_ram_Inst_61X66_1/I1[12] (SRAM2RW64x32)
                                   0.26 f         0.37           0.00    -0.11   nvdla_core_clk
                                                                                          func_slow_cmax
u_NV_NVDLA_cdp_u_rdma_u_eg_u_lat_fifo_ram_r_nv_ram_rwsp_61x65_ram_Inst_61X66_1/I1[11] (SRAM2RW64x32)
                                   0.26 f         0.37           0.00    -0.11   nvdla_core_clk
                                                                                          func_slow_cmax
u_NV_NVDLA_cdp_u_rdma_u_eg_u_lat_fifo_ram_r_nv_ram_rwsp_61x65_ram_Inst_61X66_1/I1[18] (SRAM2RW64x32)
                                   0.26 f         0.37           0.00    -0.11   nvdla_core_clk
                                                                                          func_slow_cmax
u_NV_NVDLA_cdp_u_rdma_u_eg_u_lat_fifo_ram_r_nv_ram_rwsp_61x65_ram_Inst_61X66_1/I1[24] (SRAM2RW64x32)
                                   0.26 f         0.37           0.00    -0.11   nvdla_core_clk
                                                                                          func_slow_cmax
u_NV_NVDLA_cdp_u_rdma_u_eg_u_lat_fifo_ram_r_nv_ram_rwsp_61x65_ram_Inst_61X66_1/I1[28] (SRAM2RW64x32)
                                   0.26 f         0.37           0.00    -0.11   nvdla_core_clk
                                                                                          func_slow_cmax
u_NV_NVDLA_pdp_u_rdma_u_eg_u_lat_fifo_ram_r_nv_ram_rwsp_61x65_ram_Inst_61X66_1/I1[24] (SRAM2RW64x32)
                                   0.26 f         0.37           0.00    -0.11   nvdla_core_clk
                                                                                          func_slow_cmax
u_NV_NVDLA_cdp_u_rdma_u_eg_u_lat_fifo_ram_r_nv_ram_rwsp_61x65_ram_Inst_61X66_1/I1[14] (SRAM2RW64x32)
                                   0.26 f         0.37           0.00    -0.11   nvdla_core_clk
                                                                                          func_slow_cmax
u_NV_NVDLA_pdp_u_rdma_u_eg_u_lat_fifo_ram_r_nv_ram_rwsp_61x65_ram_Inst_61X66_1/I1[0] (SRAM2RW64x32)
                                   0.26 f         0.37           0.00    -0.11   nvdla_core_clk
                                                                                          func_slow_cmax
u_NV_NVDLA_pdp_u_rdma_u_eg_u_lat_fifo_ram_r_nv_ram_rwsp_61x65_ram_Inst_61X66_1/I1[5] (SRAM2RW64x32)
                                   0.26 f         0.37           0.00    -0.11   nvdla_core_clk
                                                                                          func_slow_cmax
u_NV_NVDLA_pdp_u_core_u_cal2d_bank0_uram_0_r_nv_ram_rws_128x18_ram_Inst_128X18/I1[9] (SRAM2RW128x32)
                                   0.26 f         0.37           0.00    -0.11   nvdla_core_clk
                                                                                          func_slow_cmax
u_NV_NVDLA_pdp_u_rdma_u_eg_u_lat_fifo_ram_r_nv_ram_rwsp_61x65_ram_Inst_61X66_1/I1[8] (SRAM2RW64x32)
                                   0.27 f         0.37           0.00    -0.11   nvdla_core_clk
                                                                                          func_slow_cmax
u_NV_NVDLA_pdp_u_rdma_u_eg_u_lat_fifo_ram_r_nv_ram_rwsp_61x65_ram_Inst_61X66_1/I1[22] (SRAM2RW64x32)
                                   0.27 f         0.37           0.00    -0.11   nvdla_core_clk
                                                                                          func_slow_cmax
u_NV_NVDLA_cdp_u_rdma_u_eg_u_lat_fifo_ram_r_nv_ram_rwsp_61x65_ram_Inst_61X66_1/I1[26] (SRAM2RW64x32)
                                   0.27 f         0.37           0.00    -0.11   nvdla_core_clk
                                                                                          func_slow_cmax
u_NV_NVDLA_pdp_u_core_u_cal2d_bank0_uram_0_r_nv_ram_rws_128x18_ram_Inst_128X18/I1[7] (SRAM2RW128x32)
                                   0.27 f         0.37           0.00    -0.11   nvdla_core_clk
                                                                                          func_slow_cmax
u_NV_NVDLA_cdp_u_rdma_u_eg_u_lat_fifo_ram_r_nv_ram_rwsp_61x65_ram_Inst_61X66_1/I1[12] (SRAM2RW64x32)
                                   0.27 f         0.37           0.00    -0.11   nvdla_core_clk
                                                                                          func_slow_cmax
u_NV_NVDLA_cdp_u_rdma_u_eg_u_lat_fifo_ram_r_nv_ram_rwsp_61x65_ram_Inst_61X66_1/I1[1] (SRAM2RW64x32)
                                   0.27 f         0.37           0.00    -0.11   nvdla_core_clk
                                                                                          func_slow_cmax
u_NV_NVDLA_pdp_u_core_u_cal2d_bank0_uram_0_r_nv_ram_rws_128x18_ram_Inst_128X18/I1[16] (SRAM2RW128x32)
                                   0.27 f         0.37           0.00    -0.11   nvdla_core_clk
                                                                                          func_slow_cmax
u_NV_NVDLA_cdp_u_rdma_u_eg_u_lat_fifo_ram_r_nv_ram_rwsp_61x65_ram_Inst_61X66_1/I1[15] (SRAM2RW64x32)
                                   0.27 f         0.37           0.00    -0.11   nvdla_core_clk
                                                                                          func_slow_cmax
u_NV_NVDLA_cdp_u_rdma_u_eg_u_lat_fifo_ram_r_nv_ram_rwsp_61x65_ram_Inst_61X66_1/I1[8] (SRAM2RW64x32)
                                   0.27 f         0.37           0.00    -0.11   nvdla_core_clk
                                                                                          func_slow_cmax
u_NV_NVDLA_cdp_u_rdma_u_eg_u_lat_fifo_ram_r_nv_ram_rwsp_61x65_ram_Inst_61X66_2/I1[0] (SRAM2RW64x4)
                                   0.27 f         0.37           0.00    -0.11   nvdla_core_clk
                                                                                          func_slow_cmax
u_NV_NVDLA_pdp_u_rdma_u_eg_u_lat_fifo_ram_r_nv_ram_rwsp_61x65_ram_Inst_61X66_1/I1[1] (SRAM2RW64x32)
                                   0.27 f         0.37           0.00    -0.11   nvdla_core_clk
                                                                                          func_slow_cmax
u_NV_NVDLA_cdp_u_rdma_u_eg_u_lat_fifo_ram_r_nv_ram_rwsp_61x65_ram_Inst_61X66_1/I1[7] (SRAM2RW64x32)
                                   0.27 f         0.37           0.00    -0.11   nvdla_core_clk
                                                                                          func_slow_cmax
u_NV_NVDLA_cdp_u_rdma_u_eg_u_lat_fifo_ram_r_nv_ram_rwsp_61x65_ram_Inst_61X66_1/I1[16] (SRAM2RW64x32)
                                   0.27 f         0.37           0.00    -0.10   nvdla_core_clk
                                                                                          func_slow_cmax
u_NV_NVDLA_pdp_u_core_u_cal2d_bank0_uram_0_r_nv_ram_rws_128x18_ram_Inst_128X18/I1[12] (SRAM2RW128x32)
                                   0.27 f         0.37           0.00    -0.10   nvdla_core_clk
                                                                                          func_slow_cmax
u_NV_NVDLA_pdp_u_core_u_cal2d_bank5_uram_0_r_nv_ram_rws_128x18_ram_Inst_128X18/I1[11] (SRAM2RW128x32)
                                   0.27 f         0.37           0.00    -0.10   nvdla_core_clk
                                                                                          func_slow_cmax
u_NV_NVDLA_cdp_u_rdma_u_eg_u_lat_fifo_ram_r_nv_ram_rwsp_61x65_ram_Inst_61X66_1/I1[9] (SRAM2RW64x32)
                                   0.27 f         0.37           0.00    -0.10   nvdla_core_clk
                                                                                          func_slow_cmax
u_NV_NVDLA_pdp_u_core_u_cal2d_bank5_uram_0_r_nv_ram_rws_128x18_ram_Inst_128X18/I1[13] (SRAM2RW128x32)
                                   0.28 f         0.37           0.00    -0.10   nvdla_core_clk
                                                                                          func_slow_cmax
u_NV_NVDLA_pdp_u_core_u_cal2d_bank5_uram_0_r_nv_ram_rws_128x18_ram_Inst_128X18/I1[5] (SRAM2RW128x32)
                                   0.28 f         0.37           0.00    -0.10   nvdla_core_clk
                                                                                          func_slow_cmax
u_NV_NVDLA_pdp_u_core_u_cal2d_bank0_uram_0_r_nv_ram_rws_128x18_ram_Inst_128X18/I1[15] (SRAM2RW128x32)
                                   0.28 f         0.37           0.00    -0.10   nvdla_core_clk
                                                                                          func_slow_cmax
u_NV_NVDLA_pdp_u_core_u_cal2d_bank5_uram_0_r_nv_ram_rws_128x18_ram_Inst_128X18/I1[1] (SRAM2RW128x32)
                                   0.28 f         0.37           0.00    -0.10   nvdla_core_clk
                                                                                          func_slow_cmax
u_NV_NVDLA_pdp_u_core_u_cal2d_bank5_uram_0_r_nv_ram_rws_128x18_ram_Inst_128X18/I1[0] (SRAM2RW128x32)
                                   0.28 f         0.37           0.00    -0.09   nvdla_core_clk
                                                                                          func_slow_cmax
u_NV_NVDLA_cdp_u_dp_u_NV_NVDLA_CDP_DP_syncfifo_u_sumpd_sync_fifo_ram_r_nv_ram_rwsthp_60x21_UJ_clk_gate_core_U3/A1 (AND2X1_RVT)
                                   6.09 f         6.18           0.00    -0.09   nvdla_core_clk
                                                                                          func_slow_cmax
u_NV_NVDLA_cdp_u_rdma_u_eg_u_lat_fifo_ram_r_nv_ram_rwsp_61x65_ram_Inst_61X66_1/I1[3] (SRAM2RW64x32)
                                   0.28 f         0.37           0.00    -0.09   nvdla_core_clk
                                                                                          func_slow_cmax
u_NV_NVDLA_cdp_u_dp_u_NV_NVDLA_CDP_DP_syncfifo_u_info_sync_fifo_ram_r_nv_ram_rwsthp_80x15_UJ_clk_gate_core_U3/A1 (AND2X1_RVT)
                                   6.09 f         6.18           0.00    -0.09   nvdla_core_clk
                                                                                          func_slow_cmax
u_NV_NVDLA_cdp_u_dp_u_NV_NVDLA_CDP_DP_syncfifo_u_info_sync_fifo_nvdla_core_clk_mgate_p_clkgate_U3/A1 (AND2X1_RVT)
                                   6.09 f         6.18           0.00    -0.09   nvdla_core_clk
                                                                                          func_slow_cmax
u_NV_NVDLA_cdp_u_dp_u_NV_NVDLA_CDP_DP_syncfifo_u_info_sync_fifo_ram_r_nv_ram_rwsthp_80x15_UJ_clk_jtag_Data_reg_r0_U3/A1 (AND2X1_RVT)
                                   6.09 f         6.18           0.00    -0.09   nvdla_core_clk
                                                                                          func_slow_cmax
u_NV_NVDLA_cdp_u_dp_u_NV_NVDLA_CDP_DP_syncfifo_u_sumpd_sync_fifo_nvdla_core_clk_mgate_p_clkgate_U3/A1 (AND2X1_RVT)
                                   6.09 f         6.18           0.00    -0.09   nvdla_core_clk
                                                                                          func_slow_cmax
u_NV_NVDLA_cdp_u_dp_u_NV_NVDLA_CDP_DP_syncfifo_u_data_sync_fifo_ram_r_nv_ram_rwsthp_80x9_UJ_clk_gate_core_U3/A1 (AND2X1_RVT)
                                   6.09 f         6.18           0.00    -0.09   nvdla_core_clk
                                                                                          func_slow_cmax
u_NV_NVDLA_pdp_u_core_u_cal2d_bank5_uram_0_r_nv_ram_rws_128x18_ram_Inst_128X18/I1[2] (SRAM2RW128x32)
                                   0.28 f         0.37           0.00    -0.09   nvdla_core_clk
                                                                                          func_slow_cmax
u_NV_NVDLA_cdp_u_dp_u_NV_NVDLA_CDP_DP_intp_u_intpinfo_sync_fifo_nvdla_core_clk_mgate_p_clkgate_U3/A1 (AND2X1_RVT)
                                   6.09 f         6.18           0.00    -0.09   nvdla_core_clk
                                                                                          func_slow_cmax
u_NV_NVDLA_pdp_u_core_u_cal2d_bank5_uram_0_r_nv_ram_rws_128x18_ram_Inst_128X18/I1[6] (SRAM2RW128x32)
                                   0.28 f         0.37           0.00    -0.09   nvdla_core_clk
                                                                                          func_slow_cmax
u_NV_NVDLA_pdp_u_core_u_cal2d_bank0_uram_0_r_nv_ram_rws_128x18_ram_Inst_128X18/I1[3] (SRAM2RW128x32)
                                   0.29 f         0.37           0.00    -0.09   nvdla_core_clk
                                                                                          func_slow_cmax
u_NV_NVDLA_cdp_u_dp_u_NV_NVDLA_CDP_DP_syncfifo_u_data_sync_fifo_nvdla_core_clk_mgate_p_clkgate_U3/A1 (AND2X1_RVT)
                                   6.09 f         6.18           0.00    -0.09   nvdla_core_clk
                                                                                          func_slow_cmax
u_NV_NVDLA_pdp_u_core_u_cal2d_bank5_uram_0_r_nv_ram_rws_128x18_ram_Inst_128X18/I1[4] (SRAM2RW128x32)
                                   0.29 f         0.37           0.00    -0.09   nvdla_core_clk
                                                                                          func_slow_cmax
u_sync_core_reset_combined_rstn_reg/RSTB (DFFARX1_RVT)
                                   0.26 r         0.34           0.00    -0.08   nvdla_core_clk
                                                                                          func_slow_cmax
u_NV_NVDLA_pdp_u_core_u_cal2d_bank5_uram_0_r_nv_ram_rws_128x18_ram_Inst_128X18/I1[9] (SRAM2RW128x32)
                                   0.29 f         0.37           0.00    -0.08   nvdla_core_clk
                                                                                          func_slow_cmax
u_NV_NVDLA_pdp_u_core_u_cal2d_bank5_uram_0_r_nv_ram_rws_128x18_ram_Inst_128X18/I1[10] (SRAM2RW128x32)
                                   0.29 f         0.37           0.00    -0.08   nvdla_core_clk
                                                                                          func_slow_cmax
u_NV_NVDLA_pdp_u_core_u_cal2d_bank5_uram_0_r_nv_ram_rws_128x18_ram_Inst_128X18/I1[3] (SRAM2RW128x32)
                                   0.30 f         0.37           0.00    -0.08   nvdla_core_clk
                                                                                          func_slow_cmax
u_NV_NVDLA_pdp_u_core_u_cal2d_bank5_uram_0_r_nv_ram_rws_128x18_ram_Inst_128X18/I1[16] (SRAM2RW128x32)
                                   0.30 f         0.37           0.00    -0.08   nvdla_core_clk
                                                                                          func_slow_cmax
u_NV_NVDLA_pdp_u_core_u_cal2d_bank5_uram_0_r_nv_ram_rws_128x18_ram_Inst_128X18/I1[8] (SRAM2RW128x32)
                                   0.30 f         0.37           0.00    -0.08   nvdla_core_clk
                                                                                          func_slow_cmax
u_NV_NVDLA_pdp_u_core_u_cal2d_bank0_uram_0_r_nv_ram_rws_128x18_ram_Inst_128X18/I1[14] (SRAM2RW128x32)
                                   0.30 f         0.37           0.00    -0.08   nvdla_core_clk
                                                                                          func_slow_cmax
u_NV_NVDLA_pdp_u_core_u_cal2d_bank0_uram_0_r_nv_ram_rws_128x18_ram_Inst_128X18/I1[8] (SRAM2RW128x32)
                                   0.30 f         0.37           0.00    -0.07   nvdla_core_clk
                                                                                          func_slow_cmax
u_sync_core_reset_sync_reset_synced_rstn_NV_GENERIC_CELL_d0_reg/RSTB (DFFARX1_RVT)
                                   0.27 r         0.35           0.00    -0.07   nvdla_core_clk
                                                                                          func_slow_cmax
u_sync_core_reset_sync_reset_synced_rstn_NV_GENERIC_CELL_q_reg/RSTB (DFFARX1_RVT)
                                   0.27 r         0.35           0.00    -0.07   nvdla_core_clk
                                                                                          func_slow_cmax
u_NV_NVDLA_pdp_u_core_u_cal2d_bank5_uram_0_r_nv_ram_rws_128x18_ram_Inst_128X18/I1[12] (SRAM2RW128x32)
                                   0.30 f         0.37           0.00    -0.07   nvdla_core_clk
                                                                                          func_slow_cmax
u_NV_NVDLA_cdp_u_rdma_u_eg_u_lat_fifo_ram_r_nv_ram_rwsp_61x65_ram_Inst_61X66_0/I1[21] (SRAM2RW64x32)
                                   0.31 f         0.37           0.00    -0.07   nvdla_core_clk
                                                                                          func_slow_cmax
u_NV_NVDLA_pdp_u_core_u_cal2d_bank5_uram_0_r_nv_ram_rws_128x18_ram_Inst_128X18/I1[7] (SRAM2RW128x32)
                                   0.31 f         0.37           0.00    -0.07   nvdla_core_clk
                                                                                          func_slow_cmax
u_NV_NVDLA_pdp_u_core_u_cal2d_bank0_uram_0_r_nv_ram_rws_128x18_ram_Inst_128X18/I1[11] (SRAM2RW128x32)
                                   0.31 f         0.37           0.00    -0.06   nvdla_core_clk
                                                                                          func_slow_cmax
u_NV_NVDLA_csb_master_u_fifo_nvdla2csb_NV_AFIFO_wr_pushing_sync0_src_d_f_reg/D (DFFARX1_RVT)
                                   0.14 f         0.20           0.00    -0.06   nvdla_core_clk
                                                                                          func_slow_cmax
u_NV_NVDLA_cdp_u_dp_u_NV_NVDLA_CDP_DP_syncfifo_u_sumpd_sync_fifo_ram_r_nv_ram_rwsthp_60x21_ram_Inst_60X22/A1[0] (SRAM2RW64x32)
                                   0.31 f         0.37           0.00    -0.06   nvdla_core_clk
                                                                                          func_slow_cmax
u_NV_NVDLA_cdp_u_rdma_u_eg_u_lat_fifo_ram_r_nv_ram_rwsp_61x65_testInst_Data_reg_r0_Jreg_ff_38__SSS_nr_Q_reg/D (DFFX1_RVT)
                                   0.15 f         0.21           0.00    -0.06   nvdla_core_clk
                                                                                          func_slow_cmax
u_NV_NVDLA_cdp_u_dp_u_NV_NVDLA_CDP_DP_syncfifo_u_sumpd_sync_fifo_ram_r_nv_ram_rwsthp_60x21_ram_Inst_60X22/A1[4] (SRAM2RW64x32)
                                   0.31 f         0.37           0.00    -0.06   nvdla_core_clk
                                                                                          func_slow_cmax
u_NV_NVDLA_pdp_u_core_u_cal2d_bank4_uram_0_r_nv_ram_rws_128x18_ram_Inst_128X18/I1[11] (SRAM2RW128x32)
                                   0.31 f         0.37           0.00    -0.06   nvdla_core_clk
                                                                                          func_slow_cmax
u_NV_NVDLA_cdp_u_rdma_u_eg_u_lat_fifo_ram_r_nv_ram_rwsp_61x65_testInst_Data_reg_r0_Jreg_ff_37__SSS_nr_Q_reg/D (DFFX1_RVT)
                                   0.15 f         0.21           0.00    -0.06   nvdla_core_clk
                                                                                          func_slow_cmax
u_NV_NVDLA_pdp_u_core_u_cal2d_bank4_uram_0_r_nv_ram_rws_128x18_ram_Inst_128X18/I1[4] (SRAM2RW128x32)
                                   0.31 f         0.37           0.00    -0.06   nvdla_core_clk
                                                                                          func_slow_cmax
u_NV_NVDLA_cdp_u_rdma_u_eg_u_lat_fifo_ram_r_nv_ram_rwsp_61x65_testInst_Data_reg_r0_Jreg_ff_39__SSS_nr_Q_reg/D (DFFX1_RVT)
                                   0.15 f         0.21           0.00    -0.06   nvdla_core_clk
                                                                                          func_slow_cmax
u_NV_NVDLA_cdp_u_rdma_u_eg_u_lat_fifo_ram_r_nv_ram_rwsp_61x65_ram_Inst_61X66_0/I1[24] (SRAM2RW64x32)
                                   0.32 f         0.38           0.00    -0.06   nvdla_core_clk
                                                                                          func_slow_cmax
u_NV_NVDLA_cdp_u_rdma_u_eg_u_lat_fifo_ram_r_nv_ram_rwsp_61x65_testInst_Data_reg_r0_Jreg_ff_33__SSS_nr_Q_reg/D (DFFX1_RVT)
                                   0.15 f         0.21           0.00    -0.06   nvdla_core_clk
                                                                                          func_slow_cmax
u_NV_NVDLA_cdp_u_rdma_u_eg_u_lat_fifo_ram_r_nv_ram_rwsp_61x65_testInst_Data_reg_r0_Jreg_ff_36__SSS_nr_Q_reg/D (DFFX1_RVT)
                                   0.15 f         0.21           0.00    -0.06   nvdla_core_clk
                                                                                          func_slow_cmax
u_NV_NVDLA_pdp_u_rdma_u_eg_u_lat_fifo_ram_r_nv_ram_rwsp_61x65_testInst_Data_reg_r0_Jreg_ff_17__SSS_nr_Q_reg/D (DFFX1_RVT)
                                   0.15 f         0.21           0.00    -0.06   nvdla_core_clk
                                                                                          func_slow_cmax
u_NV_NVDLA_pdp_u_rdma_u_eg_u_lat_fifo_ram_r_nv_ram_rwsp_61x65_testInst_Data_reg_r0_Jreg_ff_23__SSS_nr_Q_reg/D (DFFX1_RVT)
                                   0.15 f         0.21           0.00    -0.06   nvdla_core_clk
                                                                                          func_slow_cmax
u_NV_NVDLA_cdp_u_rdma_u_eg_u_lat_fifo_ram_r_nv_ram_rwsp_61x65_testInst_Data_reg_r0_Jreg_ff_35__SSS_nr_Q_reg/D (DFFX1_RVT)
                                   0.15 f         0.21           0.00    -0.06   nvdla_core_clk
                                                                                          func_slow_cmax
u_NV_NVDLA_pdp_u_rdma_u_eg_u_lat_fifo_ram_r_nv_ram_rwsp_61x65_testInst_Data_reg_r0_Jreg_ff_21__SSS_nr_Q_reg/D (DFFX1_RVT)
                                   0.15 f         0.21           0.00    -0.06   nvdla_core_clk
                                                                                          func_slow_cmax
u_NV_NVDLA_cdp_u_rdma_u_eg_u_lat_fifo_ram_r_nv_ram_rwsp_61x65_testInst_Data_reg_r0_Jreg_ff_32__SSS_nr_Q_reg/D (DFFX1_RVT)
                                   0.15 f         0.21           0.00    -0.06   nvdla_core_clk
                                                                                          func_slow_cmax
u_NV_NVDLA_cdp_u_rdma_u_eg_u_lat_fifo_ram_r_nv_ram_rwsp_61x65_testInst_Data_reg_r0_Jreg_ff_8__SSS_nr_Q_reg/D (DFFX1_RVT)
                                   0.15 f         0.21           0.00    -0.06   nvdla_core_clk
                                                                                          func_slow_cmax
u_NV_NVDLA_pdp_u_core_u_cal2d_bank4_uram_0_r_nv_ram_rws_128x18_ram_Inst_128X18/I1[13] (SRAM2RW128x32)
                                   0.32 f         0.37           0.00    -0.06   nvdla_core_clk
                                                                                          func_slow_cmax
u_NV_NVDLA_pdp_u_rdma_u_eg_u_lat_fifo_ram_r_nv_ram_rwsp_61x65_testInst_Data_reg_r0_Jreg_ff_13__SSS_nr_Q_reg/D (DFFX1_RVT)
                                   0.15 f         0.21           0.00    -0.06   nvdla_core_clk
                                                                                          func_slow_cmax
u_NV_NVDLA_pdp_u_rdma_u_eg_u_lat_fifo_ram_r_nv_ram_rwsp_61x65_testInst_Data_reg_r0_Jreg_ff_22__SSS_nr_Q_reg/D (DFFX1_RVT)
                                   0.15 f         0.21           0.00    -0.06   nvdla_core_clk
                                                                                          func_slow_cmax
u_NV_NVDLA_cdp_u_rdma_u_eg_u_lat_fifo_ram_r_nv_ram_rwsp_61x65_testInst_Data_reg_r0_Jreg_ff_61__SSS_nr_Q_reg/D (DFFX1_RVT)
                                   0.15 f         0.21           0.00    -0.06   nvdla_core_clk
                                                                                          func_slow_cmax
u_NV_NVDLA_pdp_u_core_u_cal2d_bank5_uram_0_r_nv_ram_rws_128x18_ram_Inst_128X18/I1[15] (SRAM2RW128x32)
                                   0.32 f         0.37           0.00    -0.06   nvdla_core_clk
                                                                                          func_slow_cmax
u_NV_NVDLA_pdp_u_core_u_cal2d_bank4_uram_0_r_nv_ram_rws_128x18_ram_Inst_128X18/I1[6] (SRAM2RW128x32)
                                   0.32 f         0.37           0.00    -0.06   nvdla_core_clk
                                                                                          func_slow_cmax
u_NV_NVDLA_pdp_u_rdma_u_eg_u_lat_fifo_ram_r_nv_ram_rwsp_61x65_testInst_Data_reg_r0_Jreg_ff_18__SSS_nr_Q_reg/D (DFFX1_RVT)
                                   0.15 f         0.21           0.00    -0.06   nvdla_core_clk
                                                                                          func_slow_cmax
u_NV_NVDLA_pdp_u_rdma_u_eg_u_lat_fifo_ram_r_nv_ram_rwsp_61x65_testInst_Data_reg_r0_Jreg_ff_1__SSS_nr_Q_reg/D (DFFX2_RVT)
                                   0.16 f         0.21           0.00    -0.05   nvdla_core_clk
                                                                                          func_slow_cmax
u_NV_NVDLA_pdp_u_rdma_u_eg_u_lat_fifo_ram_r_nv_ram_rwsp_61x65_testInst_Data_reg_r0_Jreg_ff_14__SSS_nr_Q_reg/D (DFFX1_RVT)
                                   0.16 f         0.21           0.00    -0.05   nvdla_core_clk
                                                                                          func_slow_cmax
u_NV_NVDLA_pdp_u_rdma_u_eg_u_lat_fifo_ram_r_nv_ram_rwsp_61x65_testInst_Data_reg_r0_Jreg_ff_12__SSS_nr_Q_reg/D (DFFX1_RVT)
                                   0.15 f         0.21           0.00    -0.05   nvdla_core_clk
                                                                                          func_slow_cmax
u_NV_NVDLA_pdp_u_rdma_u_eg_u_lat_fifo_ram_r_nv_ram_rwsp_61x65_testInst_Data_reg_r0_Jreg_ff_11__SSS_nr_Q_reg/D (DFFX1_RVT)
                                   0.16 f         0.21           0.00    -0.05   nvdla_core_clk
                                                                                          func_slow_cmax
u_NV_NVDLA_pdp_u_rdma_u_eg_u_lat_fifo_ram_r_nv_ram_rwsp_61x65_testInst_Data_reg_r0_Jreg_ff_10__SSS_nr_Q_reg/D (DFFX1_RVT)
                                   0.16 f         0.21           0.00    -0.05   nvdla_core_clk
                                                                                          func_slow_cmax
u_NV_NVDLA_pdp_u_rdma_u_eg_u_lat_fifo_ram_r_nv_ram_rwsp_61x65_testInst_Data_reg_r0_Jreg_ff_15__SSS_nr_Q_reg/D (DFFX1_RVT)
                                   0.16 f         0.21           0.00    -0.05   nvdla_core_clk
                                                                                          func_slow_cmax
u_NV_NVDLA_pdp_u_rdma_u_eg_u_lat_fifo_ram_r_nv_ram_rwsp_61x65_testInst_Data_reg_r0_Jreg_ff_19__SSS_nr_Q_reg/D (DFFX1_RVT)
                                   0.16 f         0.21           0.00    -0.05   nvdla_core_clk
                                                                                          func_slow_cmax
u_NV_NVDLA_mcif_u_read_u_eg_ro5_fifo1_nvdla_core_clk_mgate_p_clkgate_U3/A1 (AND2X1_RVT)
                                   6.13 f         6.18           0.00    -0.05   nvdla_core_clk
                                                                                          func_slow_cmax
u_NV_NVDLA_csb_master_u_fifo_nvdla2csb_wr_clk_rcv_gate_p_clkgate_U3/A1 (AND2X1_RVT)
                                   6.13 f         6.18           0.00    -0.05   nvdla_core_clk
                                                                                          func_slow_cmax
u_NV_NVDLA_mcif_u_read_u_eg_ro0_fifo0_nvdla_core_clk_mgate_p_clkgate_U3/A1 (AND2X1_RVT)
                                   6.13 f         6.18           0.00    -0.05   nvdla_core_clk
                                                                                          func_slow_cmax
u_NV_NVDLA_mcif_u_read_u_eg_ro2_fifo1_nvdla_core_clk_mgate_p_clkgate_U3/A1 (AND2X1_RVT)
                                   6.13 f         6.18           0.00    -0.05   nvdla_core_clk
                                                                                          func_slow_cmax
u_NV_NVDLA_mcif_u_write_u_ig_u_arb_u_dfifo0_nvdla_core_clk_mgate_p_clkgate_U3/A1 (AND2X1_RVT)
                                   6.13 f         6.18           0.00    -0.05   nvdla_core_clk
                                                                                          func_slow_cmax
u_NV_NVDLA_mcif_u_read_u_eg_ro0_fifo1_nvdla_core_clk_mgate_p_clkgate_U3/A1 (AND2X1_RVT)
                                   6.13 f         6.18           0.00    -0.05   nvdla_core_clk
                                                                                          func_slow_cmax
u_NV_NVDLA_pdp_u_core_u_cal2d_bank5_uram_0_r_nv_ram_rws_128x18_ram_Inst_128X18/I1[14] (SRAM2RW128x32)
                                   0.32 f         0.37           0.00    -0.05   nvdla_core_clk
                                                                                          func_slow_cmax
u_NV_NVDLA_pdp_u_rdma_u_eg_u_lat_fifo_ram_r_nv_ram_rwsp_61x65_ram_Inst_61X66_0/I1[17] (SRAM2RW64x32)
                                   0.32 f         0.38           0.00    -0.05   nvdla_core_clk
                                                                                          func_slow_cmax
u_NV_NVDLA_pdp_u_rdma_u_eg_u_lat_fifo_ram_r_nv_ram_rwsp_61x65_testInst_Data_reg_r0_Jreg_ff_16__SSS_nr_Q_reg/D (DFFX1_RVT)
                                   0.16 f         0.21           0.00    -0.05   nvdla_core_clk
                                                                                          func_slow_cmax
u_NV_NVDLA_cdp_u_rdma_u_eg_u_lat_fifo_ram_r_nv_ram_rwsp_61x65_testInst_Data_reg_r0_Jreg_ff_12__SSS_nr_Q_reg/D (DFFX1_RVT)
                                   0.16 f         0.21           0.00    -0.05   nvdla_core_clk
                                                                                          func_slow_cmax
u_NV_NVDLA_mcif_u_read_u_cq_adr_ram_r_nv_ram_rwst_256x8_CLK_GATE_clk_C12/A2 (AND2X1_RVT)
                                   6.13 f         6.18           0.00    -0.05   nvdla_core_clk
                                                                                          func_slow_cmax
u_NV_NVDLA_mcif_u_write_u_cq_ram_r_nv_ram_rws_256x3_UJ_la_bist_clkw0_gate_C12/A2 (AND2X1_RVT)
                                   6.13 f         6.18           0.00    -0.05   nvdla_core_clk
                                                                                          func_slow_cmax
u_NV_NVDLA_mcif_u_write_u_cq_ram_r_nv_ram_rws_256x3_CLK_GATE_clk_C12/A2 (AND2X1_RVT)
                                   6.13 f         6.18           0.00    -0.05   nvdla_core_clk
                                                                                          func_slow_cmax
u_NV_NVDLA_cdp_u_rdma_u_eg_u_lat_fifo_ram_r_nv_ram_rwsp_61x65_testInst_Data_reg_r0_Jreg_ff_9__SSS_nr_Q_reg/D (DFFX1_RVT)
                                   0.16 f         0.21           0.00    -0.05   nvdla_core_clk
                                                                                          func_slow_cmax
u_NV_NVDLA_pdp_u_slcg_core_nvdla_core_clk_slcg_0_p_clkgate_U3/A1 (AND2X1_RVT)
                                   6.13 f         6.18           0.00    -0.05   nvdla_core_clk
                                                                                          func_slow_cmax
u_NV_NVDLA_mcif_u_read_u_eg_ro3_fifo1_nvdla_core_clk_mgate_p_clkgate_U3/A1 (AND2X1_RVT)
                                   6.13 f         6.18           0.00    -0.05   nvdla_core_clk
                                                                                          func_slow_cmax
u_NV_NVDLA_cdp_u_rdma_u_eg_u_lat_fifo_ram_r_nv_ram_rwsp_61x65_ram_Inst_61X66_1/A1[2] (SRAM2RW64x32)
                                   0.32 f         0.37           0.00    -0.05   nvdla_core_clk
                                                                                          func_slow_cmax
u_NV_NVDLA_pdp_u_core_u_cal2d_bank4_uram_0_r_nv_ram_rws_128x18_ram_Inst_128X18/I1[14] (SRAM2RW128x32)
                                   0.32 f         0.37           0.00    -0.05   nvdla_core_clk
                                                                                          func_slow_cmax
u_NV_NVDLA_mcif_u_read_u_cq_ram_r_nv_ram_rws_256x7_CLK_GATE_clk_C12/A2 (AND2X1_RVT)
                                   6.13 f         6.18           0.00    -0.05   nvdla_core_clk
                                                                                          func_slow_cmax
u_NV_NVDLA_mcif_u_read_u_eg_lat_fifo3_nvdla_core_clk_mgate_p_clkgate_U3/A1 (AND2X1_RVT)
                                   6.13 f         6.18           0.00    -0.05   nvdla_core_clk
                                                                                          func_slow_cmax
u_NV_NVDLA_mcif_u_read_u_eg_lat_fifo1_nvdla_core_clk_mgate_p_clkgate_U3/A1 (AND2X1_RVT)
                                   6.13 f         6.18           0.00    -0.05   nvdla_core_clk
                                                                                          func_slow_cmax
u_NV_NVDLA_mcif_u_write_u_ig_u_bpt1_u_dfifo_nvdla_core_clk_mgate_p_clkgate_U3/A1 (AND2X1_RVT)
                                   6.13 f         6.18           0.00    -0.05   nvdla_core_clk
                                                                                          func_slow_cmax
u_NV_NVDLA_mcif_u_read_u_eg_lat_fifo0_nvdla_core_clk_mgate_p_clkgate_U3/A1 (AND2X1_RVT)
                                   6.13 f         6.18           0.00    -0.05   nvdla_core_clk
                                                                                          func_slow_cmax
u_NV_NVDLA_pdp_u_rdma_u_eg_u_lat_fifo_ram_r_nv_ram_rwsp_61x65_testInst_Data_reg_r0_Jreg_ff_20__SSS_nr_Q_reg/D (DFFX1_RVT)
                                   0.16 f         0.21           0.00    -0.05   nvdla_core_clk
                                                                                          func_slow_cmax
u_NV_NVDLA_mcif_u_read_u_eg_ro1_fifo1_nvdla_core_clk_mgate_p_clkgate_U3/A1 (AND2X1_RVT)
                                   6.13 f         6.18           0.00    -0.05   nvdla_core_clk
                                                                                          func_slow_cmax
u_NV_NVDLA_mcif_u_write_u_ig_u_spt_u_dfifo_nvdla_core_clk_mgate_p_clkgate_U3/A1 (AND2X1_RVT)
                                   6.13 f         6.18           0.00    -0.05   nvdla_core_clk
                                                                                          func_slow_cmax
u_NV_NVDLA_mcif_u_write_u_ig_u_bpt0_u_dfifo_nvdla_core_clk_mgate_p_clkgate_U3/A1 (AND2X1_RVT)
                                   6.13 f         6.18           0.00    -0.05   nvdla_core_clk
                                                                                          func_slow_cmax
u_NV_NVDLA_mcif_u_read_u_eg_lat_fifo4_nvdla_core_clk_mgate_p_clkgate_U3/A1 (AND2X1_RVT)
                                   6.13 f         6.18           0.00    -0.05   nvdla_core_clk
                                                                                          func_slow_cmax
u_NV_NVDLA_mcif_u_write_u_cq_adr_ram_r_nv_ram_rwst_256x8_UJ_clk_gate_core_C12/A2 (AND2X1_RVT)
                                   6.13 f         6.18           0.00    -0.05   nvdla_core_clk
                                                                                          func_slow_cmax
u_NV_NVDLA_mcif_u_write_u_cq_adr_ram_r_nv_ram_rwst_256x8_UJ_clk_jtag_Wa_reg_w0_C12/A2 (AND2X2_RVT)
                                   6.13 f         6.18           0.00    -0.05   nvdla_core_clk
                                                                                          func_slow_cmax
u_NV_NVDLA_mcif_u_write_u_cq_ram_r_nv_ram_rws_256x3_UJ_clk_jtag_Wa_reg_w0_C12/A2 (AND2X2_RVT)
                                   6.13 f         6.18           0.00    -0.05   nvdla_core_clk
                                                                                          func_slow_cmax
u_NV_NVDLA_pdp_u_rdma_u_eg_u_lat_fifo_ram_r_nv_ram_rwsp_61x65_testInst_Data_reg_r0_Jreg_ff_30__SSS_nr_Q_reg/D (DFFX1_RVT)
                                   0.16 f         0.21           0.00    -0.05   nvdla_core_clk
                                                                                          func_slow_cmax
u_NV_NVDLA_mcif_u_read_u_cq_nvdla_core_clk_mgate_p_clkgate_C12/A2 (AND2X2_RVT)
                                   6.13 f         6.18           0.00    -0.05   nvdla_core_clk
                                                                                          func_slow_cmax
u_NV_NVDLA_mcif_u_read_u_eg_ro6_fifo1_nvdla_core_clk_mgate_p_clkgate_U3/A1 (AND2X1_RVT)
                                   6.13 f         6.18           0.00    -0.05   nvdla_core_clk
                                                                                          func_slow_cmax
u_NV_NVDLA_mcif_u_write_u_cq_adr_ram_r_nv_ram_rwst_256x8_UJ_clk_jtag_Data_reg_r0_C12/A2 (AND2X1_RVT)
                                   6.13 f         6.18           0.00    -0.05   nvdla_core_clk
                                                                                          func_slow_cmax
u_NV_NVDLA_mcif_u_write_u_cq_adr_ram_r_nv_ram_rwst_256x8_UJ_la_bist_clkw0_gate_C12/A2 (AND2X1_RVT)
                                   6.13 f         6.18           0.00    -0.05   nvdla_core_clk
                                                                                          func_slow_cmax
u_NV_NVDLA_mcif_u_read_u_cq_ram_r_nv_ram_rws_256x7_UJ_clk_gate_core_C12/A2 (AND2X1_RVT)
                                   6.13 f         6.18           0.00    -0.05   nvdla_core_clk
                                                                                          func_slow_cmax
u_NV_NVDLA_mcif_u_read_u_eg_ro3_fifo0_nvdla_core_clk_mgate_p_clkgate_U3/A1 (AND2X1_RVT)
                                   6.13 f         6.18           0.00    -0.05   nvdla_core_clk
                                                                                          func_slow_cmax
u_NV_NVDLA_mcif_u_read_u_eg_lat_fifo6_nvdla_core_clk_mgate_p_clkgate_U3/A1 (AND2X1_RVT)
                                   6.13 f         6.18           0.00    -0.05   nvdla_core_clk
                                                                                          func_slow_cmax
u_NV_NVDLA_mcif_u_write_u_cq_nvdla_core_clk_rd_mgate_skid_p_clkgate_C12/A2 (AND2X1_RVT)
                                   6.13 f         6.18           0.00    -0.05   nvdla_core_clk
                                                                                          func_slow_cmax
u_NV_NVDLA_mcif_u_read_u_cq_adr_ram_r_nv_ram_rwst_256x8_UJ_la_bist_clkw0_gate_C12/A2 (AND2X1_RVT)
                                   6.13 f         6.18           0.00    -0.05   nvdla_core_clk
                                                                                          func_slow_cmax
u_NV_NVDLA_csb_master_u_fifo_nvdla2csb_wr_clk_wr_mgate_p_clkgate_U3/A1 (AND2X1_RVT)
                                   6.13 f         6.18           0.00    -0.05   nvdla_core_clk
                                                                                          func_slow_cmax
u_NV_NVDLA_mcif_u_read_u_eg_ro4_fifo1_nvdla_core_clk_mgate_p_clkgate_U3/A1 (AND2X1_RVT)
                                   6.13 f         6.18           0.00    -0.05   nvdla_core_clk
                                                                                          func_slow_cmax
u_NV_NVDLA_mcif_u_write_u_ig_u_bpt2_u_dfifo_nvdla_core_clk_mgate_p_clkgate_U3/A1 (AND2X1_RVT)
                                   6.13 f         6.18           0.00    -0.05   nvdla_core_clk
                                                                                          func_slow_cmax
u_NV_NVDLA_mcif_u_read_u_cq_ram_r_nv_ram_rws_256x7_UJ_clk_jtag_Data_reg_r0_C12/A2 (AND2X1_RVT)
                                   6.13 f         6.18           0.00    -0.05   nvdla_core_clk
                                                                                          func_slow_cmax
u_NV_NVDLA_csb_master_u_fifo_csb2nvdla_rd_clk_rd_mgate_p_clkgate_U3/A1 (AND2X1_RVT)
                                   6.13 f         6.18           0.00    -0.05   nvdla_core_clk
                                                                                          func_slow_cmax
u_NV_NVDLA_cdp_u_wdma_u_intr_fifo_nvdla_core_clk_mgate_p_clkgate_U3/A1 (AND2X1_RVT)
                                   6.13 f         6.18           0.00    -0.05   nvdla_core_clk
                                                                                          func_slow_cmax
u_NV_NVDLA_mcif_u_write_u_cq_nvdla_core_clk_mgate_p_clkgate_C12/A2 (AND2X2_RVT)
                                   6.13 f         6.18           0.00    -0.05   nvdla_core_clk
                                                                                          func_slow_cmax
u_NV_NVDLA_mcif_u_read_u_cq_ram_r_nv_ram_rws_256x7_UJ_clk_jtag_Wa_reg_w0_C12/A2 (AND2X2_RVT)
                                   6.13 f         6.18           0.00    -0.05   nvdla_core_clk
                                                                                          func_slow_cmax
u_NV_NVDLA_mcif_u_read_u_eg_ro5_fifo0_nvdla_core_clk_mgate_p_clkgate_U3/A1 (AND2X1_RVT)
                                   6.13 f         6.18           0.00    -0.05   nvdla_core_clk
                                                                                          func_slow_cmax
u_NV_NVDLA_cdp_u_dp_u_NV_NVDLA_CDP_DP_syncfifo_u_info_sync_fifo_ram_r_nv_ram_rwsthp_80x15_ram_Inst_80X15/A1[6] (SRAM2RW128x16)
                                   0.32 f         0.38           0.00    -0.05   nvdla_core_clk
                                                                                          func_slow_cmax
u_NV_NVDLA_mcif_u_read_u_eg_ro1_fifo0_nvdla_core_clk_mgate_p_clkgate_U3/A1 (AND2X1_RVT)
                                   6.13 f         6.18           0.00    -0.05   nvdla_core_clk
                                                                                          func_slow_cmax
u_NV_NVDLA_pdp_u_core_u_cal2d_bank4_uram_0_r_nv_ram_rws_128x18_ram_Inst_128X18/I1[5] (SRAM2RW128x32)
                                   0.32 f         0.37           0.00    -0.05   nvdla_core_clk
                                                                                          func_slow_cmax
u_NV_NVDLA_mcif_u_read_u_eg_lat_fifo5_nvdla_core_clk_mgate_p_clkgate_U3/A1 (AND2X1_RVT)
                                   6.13 f         6.18           0.00    -0.05   nvdla_core_clk
                                                                                          func_slow_cmax
u_NV_NVDLA_cdp_u_rdma_u_eg_u_lat_fifo_ram_r_nv_ram_rwsp_61x65_ram_Inst_61X66_0/I1[1] (SRAM2RW64x32)
                                   0.32 f         0.37           0.00    -0.05   nvdla_core_clk
                                                                                          func_slow_cmax
u_NV_NVDLA_pdp_u_rdma_u_eg_u_lat_fifo_ram_r_nv_ram_rwsp_61x65_ram_Inst_61X66_0/A1[4] (SRAM2RW64x32)
                                   0.32 f         0.37           0.00    -0.05   nvdla_core_clk
                                                                                          func_slow_cmax
u_NV_NVDLA_mcif_u_read_u_cq_ram_r_nv_ram_rws_256x7_UJ_la_bist_clkw0_gate_C12/A2 (AND2X1_RVT)
                                   6.13 f         6.18           0.00    -0.05   nvdla_core_clk
                                                                                          func_slow_cmax
u_NV_NVDLA_mcif_u_read_u_cq_adr_ram_r_nv_ram_rwst_256x8_UJ_clk_gate_core_C12/A2 (AND2X1_RVT)
                                   6.13 f         6.18           0.00    -0.05   nvdla_core_clk
                                                                                          func_slow_cmax
u_NV_NVDLA_pdp_u_rdma_u_eg_u_lat_fifo_ram_r_nv_ram_rwsp_61x65_testInst_Data_reg_r0_Jreg_ff_5__SSS_nr_Q_reg/D (DFFX1_RVT)
                                   0.16 f         0.21           0.00    -0.05   nvdla_core_clk
                                                                                          func_slow_cmax
u_NV_NVDLA_mcif_u_read_u_eg_ro2_fifo0_nvdla_core_clk_mgate_p_clkgate_U3/A1 (AND2X1_RVT)
                                   6.13 f         6.18           0.00    -0.05   nvdla_core_clk
                                                                                          func_slow_cmax
u_NV_NVDLA_pdp_u_wdma_u_intr_fifo_nvdla_core_clk_mgate_p_clkgate_U3/A1 (AND2X1_RVT)
                                   6.13 f         6.18           0.00    -0.05   nvdla_core_clk
                                                                                          func_slow_cmax
u_NV_NVDLA_pdp_u_rdma_u_eg_u_lat_fifo_ram_r_nv_ram_rwsp_61x65_testInst_Data_reg_r0_Jreg_ff_9__SSS_nr_Q_reg/D (DFFX1_RVT)
                                   0.16 f         0.21           0.00    -0.05   nvdla_core_clk
                                                                                          func_slow_cmax
u_NV_NVDLA_mcif_u_write_u_ig_u_arb_u_dfifo2_nvdla_core_clk_mgate_p_clkgate_U3/A1 (AND2X1_RVT)
                                   6.13 f         6.18           0.00    -0.05   nvdla_core_clk
                                                                                          func_slow_cmax
u_NV_NVDLA_mcif_u_read_u_eg_ro4_fifo0_nvdla_core_clk_mgate_p_clkgate_U3/A1 (AND2X1_RVT)
                                   6.13 f         6.18           0.00    -0.05   nvdla_core_clk
                                                                                          func_slow_cmax
u_NV_NVDLA_mcif_u_write_u_cq_ram_r_nv_ram_rws_256x3_UJ_clk_jtag_Data_reg_r0_C12/A2 (AND2X1_RVT)
                                   6.13 f         6.18           0.00    -0.05   nvdla_core_clk
                                                                                          func_slow_cmax
u_NV_NVDLA_cdp_u_dp_u_NV_NVDLA_CDP_DP_syncfifo_u_sumpd_sync_fifo_ram_r_nv_ram_rwsthp_60x21_ram_Inst_60X22/A1[1] (SRAM2RW64x32)
                                   0.32 f         0.37           0.00    -0.05   nvdla_core_clk
                                                                                          func_slow_cmax
u_NV_NVDLA_mcif_u_write_u_ig_u_arb_u_dfifo1_nvdla_core_clk_mgate_p_clkgate_U3/A1 (AND2X1_RVT)
                                   6.13 f         6.18           0.00    -0.05   nvdla_core_clk
                                                                                          func_slow_cmax
u_NV_NVDLA_mcif_u_read_u_eg_ro6_fifo0_nvdla_core_clk_mgate_p_clkgate_U3/A1 (AND2X1_RVT)
                                   6.13 f         6.18           0.00    -0.05   nvdla_core_clk
                                                                                          func_slow_cmax
u_NV_NVDLA_cdp_u_rdma_u_eg_u_lat_fifo_ram_r_nv_ram_rwsp_61x65_testInst_Data_reg_r0_Jreg_ff_18__SSS_nr_Q_reg/D (DFFX1_RVT)
                                   0.16 f         0.21           0.00    -0.05   nvdla_core_clk
                                                                                          func_slow_cmax
u_NV_NVDLA_mcif_u_read_u_eg_lat_fifo2_nvdla_core_clk_mgate_p_clkgate_U3/A1 (AND2X1_RVT)
                                   6.13 f         6.18           0.00    -0.05   nvdla_core_clk
                                                                                          func_slow_cmax
u_NV_NVDLA_pdp_u_rdma_u_eg_u_lat_fifo_ram_r_nv_ram_rwsp_61x65_testInst_Data_reg_r0_Jreg_ff_8__SSS_nr_Q_reg/D (DFFX1_RVT)
                                   0.16 f         0.21           0.00    -0.05   nvdla_core_clk
                                                                                          func_slow_cmax
u_NV_NVDLA_mcif_u_read_u_cq_adr_ram_r_nv_ram_rwst_256x8_UJ_clk_jtag_Wa_reg_w0_C12/A2 (AND2X2_RVT)
                                   6.13 f         6.18           0.00    -0.05   nvdla_core_clk
                                                                                          func_slow_cmax
u_NV_NVDLA_cdp_u_rdma_u_eg_u_lat_fifo_ram_r_nv_ram_rwsp_61x65_ram_Inst_61X66_2/A1[0] (SRAM2RW64x4)
                                   0.33 f         0.37           0.00    -0.05   nvdla_core_clk
                                                                                          func_slow_cmax
u_NV_NVDLA_pdp_u_rdma_u_eg_u_lat_fifo_ram_r_nv_ram_rwsp_61x65_testInst_Data_reg_r0_Jreg_ff_6__SSS_nr_Q_reg/D (DFFX1_RVT)
                                   0.16 f         0.21           0.00    -0.05   nvdla_core_clk
                                                                                          func_slow_cmax
u_NV_NVDLA_mcif_u_write_u_cq_adr_ram_r_nv_ram_rwst_256x8_CLK_GATE_clk_C12/A2 (AND2X1_RVT)
                                   6.13 f         6.18           0.00    -0.05   nvdla_core_clk
                                                                                          func_slow_cmax
u_NV_NVDLA_pdp_u_rdma_u_eg_u_lat_fifo_ram_r_nv_ram_rwsp_61x65_ram_Inst_61X66_0/I1[21] (SRAM2RW64x32)
                                   0.33 f         0.38           0.00    -0.05   nvdla_core_clk
                                                                                          func_slow_cmax
u_NV_NVDLA_cdp_u_rdma_u_eg_u_lat_fifo_ram_r_nv_ram_rwsp_61x65_ram_Inst_61X66_1/A1[1] (SRAM2RW64x32)
                                   0.33 f         0.37           0.00    -0.05   nvdla_core_clk
                                                                                          func_slow_cmax
u_NV_NVDLA_cdp_u_rdma_u_eg_u_lat_fifo_ram_r_nv_ram_rwsp_61x65_testInst_Data_reg_r0_Jreg_ff_10__SSS_nr_Q_reg/D (DFFX1_RVT)
                                   0.16 f         0.21           0.00    -0.05   nvdla_core_clk
                                                                                          func_slow_cmax
u_NV_NVDLA_csb_master_u_fifo_csb2nvdla_rd_clk_rd_mgated_snd_gate_p_clkgate_U3/A1 (AND2X1_RVT)
                                   6.13 f         6.18           0.00    -0.05   nvdla_core_clk
                                                                                          func_slow_cmax
u_NV_NVDLA_cdp_u_rdma_u_eg_u_lat_fifo_ram_r_nv_ram_rwsp_61x65_testInst_Data_reg_r0_Jreg_ff_59__SSS_nr_Q_reg/D (DFFX1_RVT)
                                   0.16 f         0.20           0.00    -0.05   nvdla_core_clk
                                                                                          func_slow_cmax
u_NV_NVDLA_cdp_u_rdma_u_eg_u_lat_fifo_ram_r_nv_ram_rwsp_61x65_ram_Inst_61X66_0/A1[0] (SRAM2RW64x32)
                                   0.33 f         0.37           0.00    -0.05   nvdla_core_clk
                                                                                          func_slow_cmax
u_NV_NVDLA_cdp_u_rdma_u_eg_u_lat_fifo_ram_r_nv_ram_rwsp_61x65_testInst_Data_reg_r0_Jreg_ff_21__SSS_nr_Q_reg/D (DFFX1_RVT)
                                   0.16 f         0.20           0.00    -0.05   nvdla_core_clk
                                                                                          func_slow_cmax
u_NV_NVDLA_pdp_u_rdma_u_eg_u_lat_fifo_ram_r_nv_ram_rwsp_61x65_ram_Inst_61X66_0/I1[19] (SRAM2RW64x32)
                                   0.33 f         0.37           0.00    -0.05   nvdla_core_clk
                                                                                          func_slow_cmax
u_NV_NVDLA_cdp_u_slcg_wdma_nvdla_core_clk_slcg_0_p_clkgate_U3/A1 (AND2X1_RVT)
                                   6.13 f         6.18           0.00    -0.05   nvdla_core_clk
                                                                                          func_slow_cmax
u_NV_NVDLA_pdp_u_rdma_u_eg_u_lat_fifo_ram_r_nv_ram_rwsp_61x65_testInst_Data_reg_r0_Jreg_ff_27__SSS_nr_Q_reg/D (DFFX2_RVT)
                                   0.16 f         0.21           0.00    -0.05   nvdla_core_clk
                                                                                          func_slow_cmax
u_NV_NVDLA_pdp_u_core_u_cal2d_bank4_uram_0_r_nv_ram_rws_128x18_ram_Inst_128X18/I1[3] (SRAM2RW128x32)
                                   0.33 f         0.37           0.00    -0.05   nvdla_core_clk
                                                                                          func_slow_cmax
u_NV_NVDLA_pdp_u_rdma_u_eg_u_lat_fifo_ram_r_nv_ram_rwsp_61x65_ram_Inst_61X66_0/I1[2] (SRAM2RW64x32)
                                   0.33 f         0.37           0.00    -0.05   nvdla_core_clk
                                                                                          func_slow_cmax
u_NV_NVDLA_cdp_u_rdma_u_eg_u_lat_fifo_ram_r_nv_ram_rwsp_61x65_ram_Inst_61X66_0/I1[29] (SRAM2RW64x32)
                                   0.33 f         0.37           0.00    -0.05   nvdla_core_clk
                                                                                          func_slow_cmax
u_NV_NVDLA_pdp_u_rdma_u_eg_u_lat_fifo_ram_r_nv_ram_rwsp_61x65_ram_Inst_61X66_0/I1[14] (SRAM2RW64x32)
                                   0.33 f         0.37           0.00    -0.05   nvdla_core_clk
                                                                                          func_slow_cmax
u_NV_NVDLA_pdp_u_rdma_u_eg_u_lat_fifo_ram_r_nv_ram_rwsp_61x65_ram_Inst_61X66_0/I1[13] (SRAM2RW64x32)
                                   0.33 f         0.37           0.00    -0.05   nvdla_core_clk
                                                                                          func_slow_cmax
u_NV_NVDLA_cdp_u_rdma_u_eg_u_lat_fifo_ram_r_nv_ram_rwsp_61x65_ram_Inst_61X66_0/I1[6] (SRAM2RW64x32)
                                   0.33 f         0.37           0.00    -0.05   nvdla_core_clk
                                                                                          func_slow_cmax
u_NV_NVDLA_cdp_u_rdma_u_eg_u_lat_fifo_ram_r_nv_ram_rwsp_61x65_ram_Inst_61X66_0/I1[26] (SRAM2RW64x32)
                                   0.33 f         0.37           0.00    -0.05   nvdla_core_clk
                                                                                          func_slow_cmax
u_NV_NVDLA_csb_master_u_fifo_nvdla2csb_wr_clk_wr_mgated_snd_gate_p_clkgate_U3/A1 (AND2X1_RVT)
                                   6.13 f         6.18           0.00    -0.05   nvdla_core_clk
                                                                                          func_slow_cmax
u_NV_NVDLA_cdp_u_rdma_u_eg_u_lat_fifo_ram_r_nv_ram_rwsp_61x65_ram_Inst_61X66_2/A1[4] (SRAM2RW64x4)
                                   0.33 f         0.37           0.00    -0.05   nvdla_core_clk
                                                                                          func_slow_cmax
u_NV_NVDLA_cdp_u_rdma_u_eg_u_lat_fifo_ram_r_nv_ram_rwsp_61x65_testInst_Data_reg_r0_Jreg_ff_16__SSS_nr_Q_reg/D (DFFX1_RVT)
                                   0.16 f         0.20           0.00    -0.04   nvdla_core_clk
                                                                                          func_slow_cmax
u_NV_NVDLA_cdp_u_rdma_u_eg_u_lat_fifo_ram_r_nv_ram_rwsp_61x65_testInst_Data_reg_r0_Jreg_ff_15__SSS_nr_Q_reg/D (DFFX1_RVT)
                                   0.16 f         0.20           0.00    -0.04   nvdla_core_clk
                                                                                          func_slow_cmax
u_NV_NVDLA_cdp_u_rdma_u_eg_u_lat_fifo_ram_r_nv_ram_rwsp_61x65_testInst_Data_reg_r0_Jreg_ff_17__SSS_nr_Q_reg/D (DFFX1_RVT)
                                   0.16 f         0.20           0.00    -0.04   nvdla_core_clk
                                                                                          func_slow_cmax
u_NV_NVDLA_cdp_u_rdma_u_eg_u_lat_fifo_ram_r_nv_ram_rwsp_61x65_ram_Inst_61X66_0/I1[0] (SRAM2RW64x32)
                                   0.33 f         0.37           0.00    -0.04   nvdla_core_clk
                                                                                          func_slow_cmax
u_NV_NVDLA_pdp_u_rdma_u_eg_u_lat_fifo_ram_r_nv_ram_rwsp_61x65_testInst_Data_reg_r0_Jreg_ff_4__SSS_nr_Q_reg/D (DFFX1_RVT)
                                   0.16 f         0.20           0.00    -0.04   nvdla_core_clk
                                                                                          func_slow_cmax
u_NV_NVDLA_pdp_u_rdma_u_eg_u_lat_fifo_ram_r_nv_ram_rwsp_61x65_ram_Inst_61X66_0/A1[3] (SRAM2RW64x32)
                                   0.33 f         0.37           0.00    -0.04   nvdla_core_clk
                                                                                          func_slow_cmax
u_NV_NVDLA_cdp_u_dp_u_NV_NVDLA_CDP_DP_syncfifo_u_data_sync_fifo_ram_r_nv_ram_rwsthp_80x9_ram_Inst_80X9/A1[3] (SRAM2RW128x16)
                                   0.33 f         0.38           0.00    -0.04   nvdla_core_clk
                                                                                          func_slow_cmax
u_NV_NVDLA_cdp_u_rdma_u_eg_u_lat_fifo_ram_r_nv_ram_rwsp_61x65_ram_Inst_61X66_0/I1[5] (SRAM2RW64x32)
                                   0.33 f         0.37           0.00    -0.04   nvdla_core_clk
                                                                                          func_slow_cmax
u_NV_NVDLA_pdp_u_rdma_u_eg_u_lat_fifo_ram_r_nv_ram_rwsp_61x65_ram_Inst_61X66_0/I1[20] (SRAM2RW64x32)
                                   0.33 f         0.37           0.00    -0.04   nvdla_core_clk
                                                                                          func_slow_cmax
u_NV_NVDLA_cdp_u_rdma_u_eg_u_lat_fifo_ram_r_nv_ram_rwsp_61x65_ram_Inst_61X66_0/I1[27] (SRAM2RW64x32)
                                   0.33 f         0.37           0.00    -0.04   nvdla_core_clk
                                                                                          func_slow_cmax
u_NV_NVDLA_pdp_u_rdma_u_eg_u_lat_fifo_ram_r_nv_ram_rwsp_61x65_testInst_Data_reg_r0_Jreg_ff_31__SSS_nr_Q_reg/D (DFFX1_RVT)
                                   0.16 f         0.20           0.00    -0.04   nvdla_core_clk
                                                                                          func_slow_cmax
u_NV_NVDLA_pdp_u_core_u_cal2d_bank4_uram_0_r_nv_ram_rws_128x18_ram_Inst_128X18/I1[1] (SRAM2RW128x32)
                                   0.33 f         0.37           0.00    -0.04   nvdla_core_clk
                                                                                          func_slow_cmax
u_NV_NVDLA_pdp_u_core_u_cal2d_bank4_uram_0_r_nv_ram_rws_128x18_ram_Inst_128X18/I1[2] (SRAM2RW128x32)
                                   0.33 f         0.37           0.00    -0.04   nvdla_core_clk
                                                                                          func_slow_cmax
u_NV_NVDLA_cdp_u_rdma_u_eg_u_lat_fifo_ram_r_nv_ram_rwsp_61x65_ram_Inst_61X66_0/I1[30] (SRAM2RW64x32)
                                   0.33 f         0.37           0.00    -0.04   nvdla_core_clk
                                                                                          func_slow_cmax
u_NV_NVDLA_cdp_u_rdma_u_eg_u_lat_fifo_ram_r_nv_ram_rwsp_61x65_ram_Inst_61X66_0/A1[4] (SRAM2RW64x32)
                                   0.33 f         0.37           0.00    -0.04   nvdla_core_clk
                                                                                          func_slow_cmax
u_NV_NVDLA_cdp_u_rdma_u_eg_u_lat_fifo_ram_r_nv_ram_rwsp_61x65_ram_Inst_61X66_0/I1[14] (SRAM2RW64x32)
                                   0.33 f         0.37           0.00    -0.04   nvdla_core_clk
                                                                                          func_slow_cmax
u_NV_NVDLA_cdp_u_rdma_u_eg_u_lat_fifo_ram_r_nv_ram_rwsp_61x65_ram_Inst_61X66_0/I1[25] (SRAM2RW64x32)
                                   0.33 f         0.37           0.00    -0.04   nvdla_core_clk
                                                                                          func_slow_cmax
u_NV_NVDLA_pdp_u_rdma_u_eg_u_lat_fifo_ram_r_nv_ram_rwsp_61x65_testInst_Data_reg_r0_Jreg_ff_26__SSS_nr_Q_reg/D (DFFX1_RVT)
                                   0.16 f         0.20           0.00    -0.04   nvdla_core_clk
                                                                                          func_slow_cmax
u_NV_NVDLA_cdp_u_dp_u_NV_NVDLA_CDP_DP_syncfifo_u_sumpd_sync_fifo_ram_r_nv_ram_rwsthp_60x21_ram_Inst_60X22/A1[5] (SRAM2RW64x32)
                                   0.33 f         0.37           0.00    -0.04   nvdla_core_clk
                                                                                          func_slow_cmax
u_NV_NVDLA_pdp_u_rdma_u_eg_u_lat_fifo_ram_r_nv_ram_rwsp_61x65_testInst_Data_reg_r0_Jreg_ff_28__SSS_nr_Q_reg/D (DFFX1_RVT)
                                   0.16 f         0.20           0.00    -0.04   nvdla_core_clk
                                                                                          func_slow_cmax
u_NV_NVDLA_pdp_u_core_u_cal2d_bank4_uram_0_r_nv_ram_rws_128x18_ram_Inst_128X18/I1[0] (SRAM2RW128x32)
                                   0.33 f         0.37           0.00    -0.04   nvdla_core_clk
                                                                                          func_slow_cmax
u_NV_NVDLA_cdp_u_rdma_u_eg_u_lat_fifo_ram_r_nv_ram_rwsp_61x65_ram_Inst_61X66_0/I1[28] (SRAM2RW64x32)
                                   0.33 f         0.37           0.00    -0.04   nvdla_core_clk
                                                                                          func_slow_cmax
u_NV_NVDLA_cdp_u_dp_u_NV_NVDLA_CDP_DP_syncfifo_u_data_sync_fifo_ram_r_nv_ram_rwsthp_80x9_ram_Inst_80X9/A1[5] (SRAM2RW128x16)
                                   0.33 f         0.38           0.00    -0.04   nvdla_core_clk
                                                                                          func_slow_cmax
u_NV_NVDLA_cdp_u_dp_u_NV_NVDLA_CDP_DP_syncfifo_u_data_sync_fifo_ram_r_nv_ram_rwsthp_80x9_ram_Inst_80X9/A1[4] (SRAM2RW128x16)
                                   0.33 f         0.38           0.00    -0.04   nvdla_core_clk
                                                                                          func_slow_cmax
u_NV_NVDLA_cdp_u_dp_u_NV_NVDLA_CDP_DP_syncfifo_u_sumpd_sync_fifo_ram_r_nv_ram_rwsthp_60x21_ram_Inst_60X22/A1[3] (SRAM2RW64x32)
                                   0.33 f         0.37           0.00    -0.04   nvdla_core_clk
                                                                                          func_slow_cmax
u_NV_NVDLA_cdp_u_rdma_u_eg_u_lat_fifo_ram_r_nv_ram_rwsp_61x65_testInst_Data_reg_r0_Jreg_ff_11__SSS_nr_Q_reg/D (DFFX1_RVT)
                                   0.16 f         0.20           0.00    -0.04   nvdla_core_clk
                                                                                          func_slow_cmax
u_NV_NVDLA_pdp_u_rdma_u_eg_u_lat_fifo_ram_r_nv_ram_rwsp_61x65_testInst_Data_reg_r0_Jreg_ff_3__SSS_nr_Q_reg/D (DFFX2_RVT)
                                   0.16 f         0.20           0.00    -0.04   nvdla_core_clk
                                                                                          func_slow_cmax
u_NV_NVDLA_cdp_u_rdma_u_eg_u_lat_fifo_ram_r_nv_ram_rwsp_61x65_testInst_Data_reg_r0_Jreg_ff_13__SSS_nr_Q_reg/D (DFFX1_RVT)
                                   0.16 f         0.20           0.00    -0.04   nvdla_core_clk
                                                                                          func_slow_cmax
u_NV_NVDLA_cdp_u_dp_u_NV_NVDLA_CDP_DP_syncfifo_u_data_sync_fifo_ram_r_nv_ram_rwsthp_80x9_ram_Inst_80X9/A1[2] (SRAM2RW128x16)
                                   0.33 f         0.38           0.00    -0.04   nvdla_core_clk
                                                                                          func_slow_cmax
u_NV_NVDLA_pdp_u_rdma_u_eg_u_lat_fifo_ram_r_nv_ram_rwsp_61x65_testInst_Data_reg_r0_Jreg_ff_25__SSS_nr_Q_reg/D (DFFX1_RVT)
                                   0.16 f         0.20           0.00    -0.04   nvdla_core_clk
                                                                                          func_slow_cmax
u_NV_NVDLA_pdp_u_rdma_u_eg_u_lat_fifo_ram_r_nv_ram_rwsp_61x65_testInst_Data_reg_r0_Jreg_ff_0__SSS_nr_Q_reg/D (DFFX1_RVT)
                                   0.16 f         0.20           0.00    -0.04   nvdla_core_clk
                                                                                          func_slow_cmax
u_NV_NVDLA_pdp_u_core_u_cal2d_bank4_uram_0_r_nv_ram_rws_128x18_ram_Inst_128X18/I1[8] (SRAM2RW128x32)
                                   0.33 f         0.37           0.00    -0.04   nvdla_core_clk
                                                                                          func_slow_cmax
u_NV_NVDLA_cdp_u_dp_u_NV_NVDLA_CDP_DP_syncfifo_u_info_sync_fifo_ram_r_nv_ram_rwsthp_80x15_ram_Inst_80X15/A1[3] (SRAM2RW128x16)
                                   0.34 f         0.37           0.00    -0.04   nvdla_core_clk
                                                                                          func_slow_cmax
u_NV_NVDLA_cdp_u_dp_u_NV_NVDLA_CDP_DP_syncfifo_u_data_sync_fifo_ram_r_nv_ram_rwsthp_80x9_ram_Inst_80X9/A1[1] (SRAM2RW128x16)
                                   0.34 f         0.38           0.00    -0.04   nvdla_core_clk
                                                                                          func_slow_cmax
u_NV_NVDLA_pdp_u_rdma_u_eg_u_lat_fifo_ram_r_nv_ram_rwsp_61x65_testInst_Data_reg_r0_Jreg_ff_29__SSS_nr_Q_reg/D (DFFX1_RVT)
                                   0.16 f         0.20           0.00    -0.04   nvdla_core_clk
                                                                                          func_slow_cmax
u_NV_NVDLA_cdp_u_rdma_u_eg_u_lat_fifo_ram_r_nv_ram_rwsp_61x65_testInst_Data_reg_r0_Jreg_ff_20__SSS_nr_Q_reg/D (DFFX1_RVT)
                                   0.16 f         0.20           0.00    -0.04   nvdla_core_clk
                                                                                          func_slow_cmax
u_NV_NVDLA_cdp_u_rdma_u_eg_u_lat_fifo_ram_r_nv_ram_rwsp_61x65_testInst_Data_reg_r0_Jreg_ff_23__SSS_nr_Q_reg/D (DFFX1_RVT)
                                   0.16 f         0.20           0.00    -0.04   nvdla_core_clk
                                                                                          func_slow_cmax
u_NV_NVDLA_pdp_u_core_u_cal2d_bank0_uram_0_r_nv_ram_rws_128x18_ram_Inst_128X18/I1[4] (SRAM2RW128x32)
                                   0.34 f         0.38           0.00    -0.04   nvdla_core_clk
                                                                                          func_slow_cmax
u_NV_NVDLA_pdp_u_core_u_cal2d_bank3_uram_0_r_nv_ram_rws_128x18_ram_Inst_128X18/I1[4] (SRAM2RW128x32)
                                   0.34 f         0.38           0.00    -0.04   nvdla_core_clk
                                                                                          func_slow_cmax
u_NV_NVDLA_pdp_u_core_u_cal2d_bank4_uram_0_r_nv_ram_rws_128x18_ram_Inst_128X18/I1[12] (SRAM2RW128x32)
                                   0.34 f         0.37           0.00    -0.04   nvdla_core_clk
                                                                                          func_slow_cmax
u_NV_NVDLA_cdp_u_rdma_u_eg_u_lat_fifo_ram_r_nv_ram_rwsp_61x65_testInst_Data_reg_r0_Jreg_ff_22__SSS_nr_Q_reg/D (DFFX1_RVT)
                                   0.16 f         0.20           0.00    -0.04   nvdla_core_clk
                                                                                          func_slow_cmax
u_NV_NVDLA_cdp_u_rdma_u_eg_u_lat_fifo_ram_r_nv_ram_rwsp_61x65_testInst_Data_reg_r0_Jreg_ff_48__SSS_nr_Q_reg/D (DFFX1_RVT)
                                   0.16 f         0.20           0.00    -0.04   nvdla_core_clk
                                                                                          func_slow_cmax
u_NV_NVDLA_cdp_u_rdma_u_eg_u_lat_fifo_ram_r_nv_ram_rwsp_61x65_testInst_Data_reg_r0_Jreg_ff_56__SSS_nr_Q_reg/D (DFFX1_RVT)
                                   0.16 f         0.20           0.00    -0.04   nvdla_core_clk
                                                                                          func_slow_cmax
u_NV_NVDLA_cdp_u_dp_u_NV_NVDLA_CDP_DP_syncfifo_u_data_sync_fifo_ram_r_nv_ram_rwsthp_80x9_ram_Inst_80X9/A1[0] (SRAM2RW128x16)
                                   0.34 f         0.38           0.00    -0.04   nvdla_core_clk
                                                                                          func_slow_cmax
u_NV_NVDLA_cdp_u_dp_u_NV_NVDLA_CDP_DP_syncfifo_u_sumpd_sync_fifo_ram_r_nv_ram_rwsthp_60x21_ram_Inst_60X22/A1[2] (SRAM2RW64x32)
                                   0.34 f         0.37           0.00    -0.04   nvdla_core_clk
                                                                                          func_slow_cmax
u_NV_NVDLA_cdp_u_rdma_u_eg_u_lat_fifo_ram_r_nv_ram_rwsp_61x65_ram_Inst_61X66_2/A1[3] (SRAM2RW64x4)
                                   0.34 f         0.37           0.00    -0.04   nvdla_core_clk
                                                                                          func_slow_cmax
u_NV_NVDLA_pdp_u_rdma_u_eg_u_lat_fifo_ram_r_nv_ram_rwsp_61x65_testInst_Data_reg_r0_Jreg_ff_7__SSS_nr_Q_reg/D (DFFX1_RVT)
                                   0.16 f         0.20           0.00    -0.04   nvdla_core_clk
                                                                                          func_slow_cmax
u_NV_NVDLA_pdp_u_rdma_u_eg_u_lat_fifo_ram_r_nv_ram_rwsp_61x65_ram_Inst_61X66_0/I1[6] (SRAM2RW64x32)
                                   0.34 f         0.37           0.00    -0.04   nvdla_core_clk
                                                                                          func_slow_cmax
u_NV_NVDLA_pdp_u_core_u_cal2d_bank4_uram_0_r_nv_ram_rws_128x18_ram_Inst_128X18/I1[15] (SRAM2RW128x32)
                                   0.34 f         0.37           0.00    -0.04   nvdla_core_clk
                                                                                          func_slow_cmax
u_NV_NVDLA_pdp_u_core_u_cal2d_bank0_uram_0_r_nv_ram_rws_128x18_ram_Inst_128X18/I1[13] (SRAM2RW128x32)
                                   0.34 f         0.38           0.00    -0.04   nvdla_core_clk
                                                                                          func_slow_cmax
u_NV_NVDLA_cdp_u_rdma_u_eg_u_lat_fifo_ram_r_nv_ram_rwsp_61x65_testInst_Data_reg_r0_Jreg_ff_14__SSS_nr_Q_reg/D (DFFX1_RVT)
                                   0.16 f         0.20           0.00    -0.03   nvdla_core_clk
                                                                                          func_slow_cmax
u_NV_NVDLA_cdp_u_rdma_u_eg_u_lat_fifo_ram_r_nv_ram_rwsp_61x65_testInst_Data_reg_r0_Jreg_ff_49__SSS_nr_Q_reg/D (DFFX1_RVT)
                                   0.17 f         0.20           0.00    -0.03   nvdla_core_clk
                                                                                          func_slow_cmax
u_NV_NVDLA_cdp_u_rdma_u_eg_u_lat_fifo_ram_r_nv_ram_rwsp_61x65_testInst_Data_reg_r0_Jreg_ff_19__SSS_nr_Q_reg/D (DFFX1_RVT)
                                   0.16 f         0.20           0.00    -0.03   nvdla_core_clk
                                                                                          func_slow_cmax
u_NV_NVDLA_pdp_u_core_u_cal2d_bank4_uram_0_r_nv_ram_rws_128x18_ram_Inst_128X18/I1[10] (SRAM2RW128x32)
                                   0.34 f         0.37           0.00    -0.03   nvdla_core_clk
                                                                                          func_slow_cmax
u_NV_NVDLA_cdp_u_rdma_u_eg_u_lat_fifo_ram_r_nv_ram_rwsp_61x65_ram_Inst_61X66_0/A1[3] (SRAM2RW64x32)
                                   0.34 f         0.37           0.00    -0.03   nvdla_core_clk
                                                                                          func_slow_cmax
u_NV_NVDLA_pdp_u_core_u_cal2d_bank4_uram_0_r_nv_ram_rws_128x18_ram_Inst_128X18/I1[7] (SRAM2RW128x32)
                                   0.34 f         0.37           0.00    -0.03   nvdla_core_clk
                                                                                          func_slow_cmax
u_NV_NVDLA_pdp_u_rdma_u_eg_u_lat_fifo_ram_r_nv_ram_rwsp_61x65_testInst_Data_reg_r0_Jreg_ff_49__SSS_nr_Q_reg/D (DFFX1_RVT)
                                   0.17 f         0.20           0.00    -0.03   nvdla_core_clk
                                                                                          func_slow_cmax
u_NV_NVDLA_cdp_u_dp_u_NV_NVDLA_CDP_DP_syncfifo_u_data_sync_fifo_ram_r_nv_ram_rwsthp_80x9_ram_Inst_80X9/A1[6] (SRAM2RW128x16)
                                   0.34 f         0.37           0.00    -0.03   nvdla_core_clk
                                                                                          func_slow_cmax
u_NV_NVDLA_cdp_u_rdma_u_eg_u_lat_fifo_ram_r_nv_ram_rwsp_61x65_ram_Inst_61X66_0/I1[8] (SRAM2RW64x32)
                                   0.34 f         0.37           0.00    -0.03   nvdla_core_clk
                                                                                          func_slow_cmax
u_NV_NVDLA_pdp_u_rdma_u_eg_u_lat_fifo_ram_r_nv_ram_rwsp_61x65_testInst_Data_reg_r0_Jreg_ff_24__SSS_nr_Q_reg/D (DFFX1_RVT)
                                   0.17 f         0.20           0.00    -0.03   nvdla_core_clk
                                                                                          func_slow_cmax
u_NV_NVDLA_pdp_u_rdma_u_eg_u_lat_fifo_ram_r_nv_ram_rwsp_61x65_ram_Inst_61X66_1/A1[1] (SRAM2RW64x32)
                                   0.34 f         0.37           0.00    -0.03   nvdla_core_clk
                                                                                          func_slow_cmax
u_NV_NVDLA_pdp_u_core_u_cal2d_bank4_uram_0_r_nv_ram_rws_128x18_ram_Inst_128X18/I1[9] (SRAM2RW128x32)
                                   0.34 f         0.37           0.00    -0.03   nvdla_core_clk
                                                                                          func_slow_cmax
u_NV_NVDLA_pdp_u_core_u_cal2d_bank3_uram_0_r_nv_ram_rws_128x18_ram_Inst_128X18/I1[13] (SRAM2RW128x32)
                                   0.34 f         0.38           0.00    -0.03   nvdla_core_clk
                                                                                          func_slow_cmax
u_NV_NVDLA_cdp_u_rdma_u_eg_u_lat_fifo_ram_r_nv_ram_rwsp_61x65_ram_Inst_61X66_0/I1[19] (SRAM2RW64x32)
                                   0.34 f         0.37           0.00    -0.03   nvdla_core_clk
                                                                                          func_slow_cmax
u_NV_NVDLA_pdp_u_core_u_cal2d_bank3_uram_0_r_nv_ram_rws_128x18_ram_Inst_128X18/I1[10] (SRAM2RW128x32)
                                   0.34 f         0.37           0.00    -0.03   nvdla_core_clk
                                                                                          func_slow_cmax
u_NV_NVDLA_pdp_u_core_u_cal2d_bank3_uram_0_r_nv_ram_rws_128x18_ram_Inst_128X18/I1[6] (SRAM2RW128x32)
                                   0.34 f         0.38           0.00    -0.03   nvdla_core_clk
                                                                                          func_slow_cmax
u_NV_NVDLA_cdp_u_rdma_u_eg_u_lat_fifo_ram_r_nv_ram_rwsp_61x65_testInst_Data_reg_r0_Jreg_ff_50__SSS_nr_Q_reg/D (DFFX1_RVT)
                                   0.17 f         0.20           0.00    -0.03   nvdla_core_clk
                                                                                          func_slow_cmax
u_NV_NVDLA_pdp_u_rdma_u_eg_u_lat_fifo_ram_r_nv_ram_rwsp_61x65_ram_Inst_61X66_2/A1[0] (SRAM2RW64x4)
                                   0.34 f         0.37           0.00    -0.03   nvdla_core_clk
                                                                                          func_slow_cmax
u_NV_NVDLA_cdp_u_dp_u_NV_NVDLA_CDP_DP_syncfifo_u_info_sync_fifo_ram_r_nv_ram_rwsthp_80x15_ram_Inst_80X15/A1[2] (SRAM2RW128x16)
                                   0.34 f         0.38           0.00    -0.03   nvdla_core_clk
                                                                                          func_slow_cmax
u_NV_NVDLA_pdp_u_core_u_cal2d_bank3_uram_0_r_nv_ram_rws_128x18_ram_Inst_128X18/I1[1] (SRAM2RW128x32)
                                   0.35 f         0.38           0.00    -0.03   nvdla_core_clk
                                                                                          func_slow_cmax
u_NV_NVDLA_cdp_u_rdma_u_eg_u_lat_fifo_ram_r_nv_ram_rwsp_61x65_ram_Inst_61X66_0/I1[3] (SRAM2RW64x32)
                                   0.34 f         0.37           0.00    -0.03   nvdla_core_clk
                                                                                          func_slow_cmax
u_NV_NVDLA_pdp_u_rdma_u_eg_u_lat_fifo_ram_r_nv_ram_rwsp_61x65_ram_Inst_61X66_2/I1[0] (SRAM2RW64x4)
                                   0.34 f         0.37           0.00    -0.03   nvdla_core_clk
                                                                                          func_slow_cmax
u_NV_NVDLA_pdp_u_rdma_u_eg_u_lat_fifo_ram_r_nv_ram_rwsp_61x65_testInst_Data_reg_r0_Jreg_ff_53__SSS_nr_Q_reg/D (DFFX1_RVT)
                                   0.17 f         0.20           0.00    -0.03   nvdla_core_clk
                                                                                          func_slow_cmax
u_NV_NVDLA_cdp_u_rdma_u_eg_u_lat_fifo_ram_r_nv_ram_rwsp_61x65_testInst_Data_reg_r0_Jreg_ff_40__SSS_nr_Q_reg/D (DFFX1_RVT)
                                   0.17 f         0.20           0.00    -0.03   nvdla_core_clk
                                                                                          func_slow_cmax
u_NV_NVDLA_pdp_u_rdma_u_eg_u_lat_fifo_ram_r_nv_ram_rwsp_61x65_testInst_Data_reg_r0_Jreg_ff_41__SSS_nr_Q_reg/D (DFFX1_RVT)
                                   0.17 f         0.20           0.00    -0.03   nvdla_core_clk
                                                                                          func_slow_cmax
u_NV_NVDLA_pdp_u_core_u_cal2d_bank3_uram_0_r_nv_ram_rws_128x18_ram_Inst_128X18/I1[0] (SRAM2RW128x32)
                                   0.35 f         0.38           0.00    -0.03   nvdla_core_clk
                                                                                          func_slow_cmax
u_NV_NVDLA_cdp_u_rdma_u_eg_u_lat_fifo_ram_r_nv_ram_rwsp_61x65_testInst_Data_reg_r0_Jreg_ff_54__SSS_nr_Q_reg/D (DFFX1_RVT)
                                   0.17 f         0.20           0.00    -0.03   nvdla_core_clk
                                                                                          func_slow_cmax
u_NV_NVDLA_pdp_u_core_u_cal2d_bank3_uram_0_r_nv_ram_rws_128x18_ram_Inst_128X18/I1[5] (SRAM2RW128x32)
                                   0.35 f         0.38           0.00    -0.03   nvdla_core_clk
                                                                                          func_slow_cmax
u_NV_NVDLA_pdp_u_rdma_u_eg_u_lat_fifo_ram_r_nv_ram_rwsp_61x65_testInst_Data_reg_r0_Jreg_ff_42__SSS_nr_Q_reg/D (DFFX1_RVT)
                                   0.17 f         0.20           0.00    -0.03   nvdla_core_clk
                                                                                          func_slow_cmax
u_NV_NVDLA_pdp_u_rdma_u_eg_u_lat_fifo_ram_r_nv_ram_rwsp_61x65_ram_Inst_61X66_1/A1[0] (SRAM2RW64x32)
                                   0.35 f         0.37           0.00    -0.03   nvdla_core_clk
                                                                                          func_slow_cmax
u_NV_NVDLA_cdp_u_rdma_u_eg_u_lat_fifo_ram_r_nv_ram_rwsp_61x65_testInst_Data_reg_r0_Jreg_ff_52__SSS_nr_Q_reg/D (DFFX1_RVT)
                                   0.17 f         0.20           0.00    -0.03   nvdla_core_clk
                                                                                          func_slow_cmax
u_NV_NVDLA_cdp_u_rdma_u_eg_u_lat_fifo_ram_r_nv_ram_rwsp_61x65_testInst_Data_reg_r0_Jreg_ff_55__SSS_nr_Q_reg/D (DFFX1_RVT)
                                   0.17 f         0.20           0.00    -0.03   nvdla_core_clk
                                                                                          func_slow_cmax
u_NV_NVDLA_pdp_u_rdma_u_eg_u_lat_fifo_ram_r_nv_ram_rwsp_61x65_ram_Inst_61X66_0/I1[11] (SRAM2RW64x32)
                                   0.35 f         0.37           0.00    -0.03   nvdla_core_clk
                                                                                          func_slow_cmax
u_NV_NVDLA_pdp_u_core_u_cal2d_bank6_uram_0_r_nv_ram_rws_128x18_ram_Inst_128X18/I1[5] (SRAM2RW128x32)
                                   0.35 f         0.38           0.00    -0.03   nvdla_core_clk
                                                                                          func_slow_cmax
u_NV_NVDLA_pdp_u_core_u_cal2d_bank4_uram_0_r_nv_ram_rws_128x18_ram_Inst_128X18/I1[16] (SRAM2RW128x32)
                                   0.35 f         0.37           0.00    -0.03   nvdla_core_clk
                                                                                          func_slow_cmax
u_NV_NVDLA_cdp_u_rdma_u_eg_u_lat_fifo_ram_r_nv_ram_rwsp_61x65_ram_Inst_61X66_0/I1[2] (SRAM2RW64x32)
                                   0.35 f         0.37           0.00    -0.03   nvdla_core_clk
                                                                                          func_slow_cmax
u_NV_NVDLA_pdp_u_rdma_u_eg_u_lat_fifo_ram_r_nv_ram_rwsp_61x65_testInst_Data_reg_r0_Jreg_ff_44__SSS_nr_Q_reg/D (DFFX1_RVT)
                                   0.17 f         0.20           0.00    -0.03   nvdla_core_clk
                                                                                          func_slow_cmax
u_NV_NVDLA_pdp_u_rdma_u_eg_u_lat_fifo_ram_r_nv_ram_rwsp_61x65_ram_Inst_61X66_0/I1[22] (SRAM2RW64x32)
                                   0.35 f         0.37           0.00    -0.03   nvdla_core_clk
                                                                                          func_slow_cmax
u_NV_NVDLA_pdp_u_rdma_u_eg_u_lat_fifo_ram_r_nv_ram_rwsp_61x65_ram_Inst_61X66_2/A1[2] (SRAM2RW64x4)
                                   0.35 f         0.37           0.00    -0.03   nvdla_core_clk
                                                                                          func_slow_cmax
u_NV_NVDLA_cdp_u_rdma_u_eg_u_lat_fifo_ram_r_nv_ram_rwsp_61x65_ram_Inst_61X66_0/I1[18] (SRAM2RW64x32)
                                   0.35 f         0.37           0.00    -0.03   nvdla_core_clk
                                                                                          func_slow_cmax
u_NV_NVDLA_pdp_u_rdma_u_eg_u_lat_fifo_ram_r_nv_ram_rwsp_61x65_testInst_Data_reg_r0_Jreg_ff_40__SSS_nr_Q_reg/D (DFFX1_RVT)
                                   0.17 f         0.20           0.00    -0.03   nvdla_core_clk
                                                                                          func_slow_cmax
u_NV_NVDLA_cdp_u_rdma_u_eg_u_lat_fifo_ram_r_nv_ram_rwsp_61x65_testInst_Data_reg_r0_Jreg_ff_44__SSS_nr_Q_reg/D (DFFX1_RVT)
                                   0.17 f         0.20           0.00    -0.03   nvdla_core_clk
                                                                                          func_slow_cmax
u_NV_NVDLA_pdp_u_core_u_cal2d_bank0_uram_0_r_nv_ram_rws_128x18_ram_Inst_128X18/I1[1] (SRAM2RW128x32)
                                   0.35 f         0.37           0.00    -0.03   nvdla_core_clk
                                                                                          func_slow_cmax
u_NV_NVDLA_cdp_u_rdma_u_eg_u_lat_fifo_ram_r_nv_ram_rwsp_61x65_ram_Inst_61X66_0/I1[31] (SRAM2RW64x32)
                                   0.35 f         0.37           0.00    -0.03   nvdla_core_clk
                                                                                          func_slow_cmax
u_NV_NVDLA_mcif_u_write_u_cq_ram_r_nv_ram_rws_256x3_UJ_clk_gate_core_C12/A2 (AND2X1_RVT)
                                   6.15 f         6.18           0.00    -0.03   nvdla_core_clk
                                                                                          func_slow_cmax
u_NV_NVDLA_pdp_u_rdma_u_eg_u_lat_fifo_ram_r_nv_ram_rwsp_61x65_ram_Inst_61X66_0/I1[18] (SRAM2RW64x32)
                                   0.35 f         0.37           0.00    -0.03   nvdla_core_clk
                                                                                          func_slow_cmax
u_NV_NVDLA_pdp_u_rdma_u_eg_u_lat_fifo_ram_r_nv_ram_rwsp_61x65_ram_Inst_61X66_0/I1[23] (SRAM2RW64x32)
                                   0.35 f         0.37           0.00    -0.03   nvdla_core_clk
                                                                                          func_slow_cmax
u_NV_NVDLA_pdp_u_core_u_cal2d_bank0_uram_0_r_nv_ram_rws_128x18_ram_Inst_128X18/I1[5] (SRAM2RW128x32)
                                   0.35 f         0.37           0.00    -0.03   nvdla_core_clk
                                                                                          func_slow_cmax
u_NV_NVDLA_cdp_u_rdma_u_eg_u_lat_fifo_ram_r_nv_ram_rwsp_61x65_testInst_Data_reg_r0_Jreg_ff_53__SSS_nr_Q_reg/D (DFFX1_RVT)
                                   0.17 f         0.19           0.00    -0.02   nvdla_core_clk
                                                                                          func_slow_cmax
u_NV_NVDLA_pdp_u_rdma_u_eg_u_lat_fifo_ram_r_nv_ram_rwsp_61x65_ram_Inst_61X66_1/A1[2] (SRAM2RW64x32)
                                   0.35 f         0.37           0.00    -0.02   nvdla_core_clk
                                                                                          func_slow_cmax
u_NV_NVDLA_cdp_u_rdma_u_eg_u_lat_fifo_ram_r_nv_ram_rwsp_61x65_ram_Inst_61X66_0/I1[4] (SRAM2RW64x32)
                                   0.35 f         0.37           0.00    -0.02   nvdla_core_clk
                                                                                          func_slow_cmax
u_NV_NVDLA_cdp_u_rdma_u_eg_u_lat_fifo_ram_r_nv_ram_rwsp_61x65_testInst_Data_reg_r0_Jreg_ff_42__SSS_nr_Q_reg/D (DFFX1_RVT)
                                   0.17 f         0.20           0.00    -0.02   nvdla_core_clk
                                                                                          func_slow_cmax
u_NV_NVDLA_pdp_u_rdma_u_eg_u_lat_fifo_ram_r_nv_ram_rwsp_61x65_ram_Inst_61X66_0/I1[10] (SRAM2RW64x32)
                                   0.35 f         0.37           0.00    -0.02   nvdla_core_clk
                                                                                          func_slow_cmax
u_NV_NVDLA_pdp_u_rdma_u_eg_u_lat_fifo_ram_r_nv_ram_rwsp_61x65_ram_Inst_61X66_0/I1[15] (SRAM2RW64x32)
                                   0.35 f         0.37           0.00    -0.02   nvdla_core_clk
                                                                                          func_slow_cmax
u_NV_NVDLA_cdp_u_rdma_u_eg_u_lat_fifo_ram_r_nv_ram_rwsp_61x65_ram_Inst_61X66_0/I1[9] (SRAM2RW64x32)
                                   0.35 f         0.37           0.00    -0.02   nvdla_core_clk
                                                                                          func_slow_cmax
u_NV_NVDLA_pdp_u_core_u_cal2d_bank3_uram_0_r_nv_ram_rws_128x18_ram_Inst_128X18/I1[8] (SRAM2RW128x32)
                                   0.35 f         0.37           0.00    -0.02   nvdla_core_clk
                                                                                          func_slow_cmax
u_NV_NVDLA_pdp_u_rdma_u_eg_u_lat_fifo_ram_r_nv_ram_rwsp_61x65_testInst_Data_reg_r0_Jreg_ff_54__SSS_nr_Q_reg/D (DFFX1_RVT)
                                   0.17 f         0.19           0.00    -0.02   nvdla_core_clk
                                                                                          func_slow_cmax
u_NV_NVDLA_cdp_u_rdma_u_eg_u_lat_fifo_ram_r_nv_ram_rwsp_61x65_ram_Inst_61X66_0/I1[17] (SRAM2RW64x32)
                                   0.35 f         0.37           0.00    -0.02   nvdla_core_clk
                                                                                          func_slow_cmax
u_NV_NVDLA_cdp_u_rdma_u_eg_u_lat_fifo_ram_r_nv_ram_rwsp_61x65_ram_Inst_61X66_0/I1[10] (SRAM2RW64x32)
                                   0.35 f         0.37           0.00    -0.02   nvdla_core_clk
                                                                                          func_slow_cmax
u_NV_NVDLA_pdp_u_rdma_u_slcg_nvdla_core_clk_slcg_0_p_clkgate_U3/A1 (AND2X1_RVT)
                                   6.16 f         6.18           0.00    -0.02   nvdla_core_clk
                                                                                          func_slow_cmax
u_NV_NVDLA_pdp_u_rdma_u_eg_u_lat_fifo_ram_r_nv_ram_rwsp_61x65_ram_Inst_61X66_0/I1[30] (SRAM2RW64x32)
                                   0.35 f         0.37           0.00    -0.02   nvdla_core_clk
                                                                                          func_slow_cmax
u_NV_NVDLA_pdp_u_rdma_u_eg_u_lat_fifo_ram_r_nv_ram_rwsp_61x65_testInst_Data_reg_r0_Jreg_ff_47__SSS_nr_Q_reg/D (DFFX1_RVT)
                                   0.17 f         0.20           0.00    -0.02   nvdla_core_clk
                                                                                          func_slow_cmax
u_NV_NVDLA_pdp_u_core_u_cal2d_bank3_uram_0_r_nv_ram_rws_128x18_ram_Inst_128X18/I1[12] (SRAM2RW128x32)
                                   0.35 f         0.37           0.00    -0.02   nvdla_core_clk
                                                                                          func_slow_cmax
u_NV_NVDLA_cdp_u_rdma_u_eg_u_lat_fifo_ram_r_nv_ram_rwsp_61x65_testInst_Data_reg_r0_Jreg_ff_58__SSS_nr_Q_reg/D (DFFX1_RVT)
                                   0.17 f         0.19           0.00    -0.02   nvdla_core_clk
                                                                                          func_slow_cmax
u_NV_NVDLA_pdp_u_core_u_cal2d_bank0_uram_0_r_nv_ram_rws_128x18_ram_Inst_128X18/A1[3] (SRAM2RW128x32)
                                   0.35 f         0.37           0.00    -0.02   nvdla_core_clk
                                                                                          func_slow_cmax
u_NV_NVDLA_pdp_u_core_u_cal2d_bank5_uram_0_r_nv_ram_rws_128x18_ram_Inst_128X18/A1[3] (SRAM2RW128x32)
                                   0.35 f         0.37           0.00    -0.02   nvdla_core_clk
                                                                                          func_slow_cmax
u_NV_NVDLA_cdp_u_rdma_u_eg_u_lat_fifo_ram_r_nv_ram_rwsp_61x65_ram_Inst_61X66_0/I1[7] (SRAM2RW64x32)
                                   0.35 f         0.37           0.00    -0.02   nvdla_core_clk
                                                                                          func_slow_cmax
u_NV_NVDLA_cdp_u_rdma_u_eg_u_lat_fifo_ram_r_nv_ram_rwsp_61x65_testInst_Data_reg_r0_Jreg_ff_51__SSS_nr_Q_reg/D (DFFX1_RVT)
                                   0.17 f         0.19           0.00    -0.02   nvdla_core_clk
                                                                                          func_slow_cmax
u_NV_NVDLA_cdp_u_rdma_u_eg_u_lat_fifo_ram_r_nv_ram_rwsp_61x65_testInst_Data_reg_r0_Jreg_ff_41__SSS_nr_Q_reg/D (DFFX1_RVT)
                                   0.17 f         0.19           0.00    -0.02   nvdla_core_clk
                                                                                          func_slow_cmax
u_NV_NVDLA_cdp_u_rdma_u_eg_u_lat_fifo_ram_r_nv_ram_rwsp_61x65_ram_Inst_61X66_0/I1[16] (SRAM2RW64x32)
                                   0.35 f         0.37           0.00    -0.02   nvdla_core_clk
                                                                                          func_slow_cmax
u_NV_NVDLA_pdp_u_rdma_u_eg_u_lat_fifo_ram_r_nv_ram_rwsp_61x65_ram_Inst_61X66_0/I1[12] (SRAM2RW64x32)
                                   0.35 f         0.37           0.00    -0.02   nvdla_core_clk
                                                                                          func_slow_cmax
u_NV_NVDLA_cdp_u_rdma_u_eg_u_lat_fifo_ram_r_nv_ram_rwsp_61x65_ram_Inst_61X66_0/I1[12] (SRAM2RW64x32)
                                   0.35 f         0.37           0.00    -0.02   nvdla_core_clk
                                                                                          func_slow_cmax
u_NV_NVDLA_pdp_u_rdma_u_eg_u_lat_fifo_ram_r_nv_ram_rwsp_61x65_ram_Inst_61X66_0/I1[0] (SRAM2RW64x32)
                                   0.35 f         0.37           0.00    -0.02   nvdla_core_clk
                                                                                          func_slow_cmax
u_NV_NVDLA_cdp_u_rdma_u_eg_u_lat_fifo_ram_r_nv_ram_rwsp_61x65_ram_Inst_61X66_0/I1[20] (SRAM2RW64x32)
                                   0.35 f         0.37           0.00    -0.02   nvdla_core_clk
                                                                                          func_slow_cmax
u_NV_NVDLA_pdp_u_slcg_wdma_nvdla_core_clk_slcg_0_p_clkgate_U3/A1 (AND2X1_RVT)
                                   6.16 f         6.18           0.00    -0.02   nvdla_core_clk
                                                                                          func_slow_cmax
u_NV_NVDLA_pdp_u_rdma_u_eg_u_lat_fifo_ram_r_nv_ram_rwsp_61x65_testInst_Data_reg_r0_Jreg_ff_48__SSS_nr_Q_reg/D (DFFX1_RVT)
                                   0.17 f         0.19           0.00    -0.02   nvdla_core_clk
                                                                                          func_slow_cmax
u_NV_NVDLA_cdp_u_rdma_u_eg_u_lat_fifo_ram_r_nv_ram_rwsp_61x65_testInst_Data_reg_r0_Jreg_ff_60__SSS_nr_Q_reg/D (DFFX1_RVT)
                                   0.17 f         0.19           0.00    -0.02   nvdla_core_clk
                                                                                          func_slow_cmax
u_NV_NVDLA_cdp_u_rdma_u_eg_u_lat_fifo_ram_r_nv_ram_rwsp_61x65_ram_Inst_61X66_0/I1[15] (SRAM2RW64x32)
                                   0.35 f         0.37           0.00    -0.02   nvdla_core_clk
                                                                                          func_slow_cmax
u_NV_NVDLA_pdp_u_rdma_u_eg_u_lat_fifo_ram_r_nv_ram_rwsp_61x65_ram_Inst_61X66_0/I1[31] (SRAM2RW64x32)
                                   0.35 f         0.37           0.00    -0.02   nvdla_core_clk
                                                                                          func_slow_cmax
u_NV_NVDLA_pdp_u_rdma_u_eg_u_lat_fifo_ram_r_nv_ram_rwsp_61x65_testInst_Data_reg_r0_Jreg_ff_50__SSS_nr_Q_reg/D (DFFX1_RVT)
                                   0.17 f         0.19           0.00    -0.02   nvdla_core_clk
                                                                                          func_slow_cmax
u_NV_NVDLA_cdp_u_rdma_u_eg_u_lat_fifo_ram_r_nv_ram_rwsp_61x65_ram_Inst_61X66_0/I1[22] (SRAM2RW64x32)
                                   0.35 f         0.37           0.00    -0.02   nvdla_core_clk
                                                                                          func_slow_cmax
u_NV_NVDLA_pdp_u_core_u_cal2d_bank0_uram_0_r_nv_ram_rws_128x18_ram_Inst_128X18/I1[10] (SRAM2RW128x32)
                                   0.35 f         0.37           0.00    -0.02   nvdla_core_clk
                                                                                          func_slow_cmax
u_NV_NVDLA_pdp_u_rdma_u_eg_u_lat_fifo_ram_r_nv_ram_rwsp_61x65_ram_Inst_61X66_0/I1[16] (SRAM2RW64x32)
                                   0.35 f         0.37           0.00    -0.02   nvdla_core_clk
                                                                                          func_slow_cmax
u_NV_NVDLA_pdp_u_rdma_u_eg_u_lat_fifo_ram_r_nv_ram_rwsp_61x65_ram_Inst_61X66_0/I1[3] (SRAM2RW64x32)
                                   0.35 f         0.37           0.00    -0.02   nvdla_core_clk
                                                                                          func_slow_cmax
u_NV_NVDLA_pdp_u_rdma_u_eg_u_lat_fifo_ram_r_nv_ram_rwsp_61x65_ram_Inst_61X66_0/I1[24] (SRAM2RW64x32)
                                   0.35 f         0.37           0.00    -0.02   nvdla_core_clk
                                                                                          func_slow_cmax
u_NV_NVDLA_pdp_u_rdma_u_eg_u_lat_fifo_ram_r_nv_ram_rwsp_61x65_ram_Inst_61X66_0/I1[9] (SRAM2RW64x32)
                                   0.35 f         0.37           0.00    -0.02   nvdla_core_clk
                                                                                          func_slow_cmax
u_NV_NVDLA_pdp_u_rdma_u_eg_u_lat_fifo_ram_r_nv_ram_rwsp_61x65_ram_Inst_61X66_0/I1[27] (SRAM2RW64x32)
                                   0.35 f         0.37           0.00    -0.02   nvdla_core_clk
                                                                                          func_slow_cmax
u_NV_NVDLA_pdp_u_rdma_u_eg_u_lat_fifo_ram_r_nv_ram_rwsp_61x65_testInst_Data_reg_r0_Jreg_ff_45__SSS_nr_Q_reg/D (DFFX1_RVT)
                                   0.17 f         0.19           0.00    -0.02   nvdla_core_clk
                                                                                          func_slow_cmax
u_NV_NVDLA_pdp_u_rdma_u_eg_u_lat_fifo_ram_r_nv_ram_rwsp_61x65_testInst_Data_reg_r0_Jreg_ff_52__SSS_nr_Q_reg/D (DFFX1_RVT)
                                   0.18 f         0.19           0.00    -0.02   nvdla_core_clk
                                                                                          func_slow_cmax
u_NV_NVDLA_mcif_u_write_u_cq_ram_r_nv_ram_rws_256x3_ram_Inst_256X4_0/A1[6] (SRAM2RW128x8)
                                   0.36 f         0.37           0.00    -0.02   nvdla_core_clk
                                                                                          func_slow_cmax
u_NV_NVDLA_cdp_u_rdma_u_eg_u_lat_fifo_ram_r_nv_ram_rwsp_61x65_testInst_Data_reg_r0_Jreg_ff_63__SSS_nr_Q_reg/D (DFFX1_RVT)
                                   0.17 f         0.19           0.00    -0.02   nvdla_core_clk
                                                                                          func_slow_cmax
u_NV_NVDLA_pdp_u_rdma_u_eg_u_lat_fifo_ram_r_nv_ram_rwsp_61x65_ram_Inst_61X66_0/I1[8] (SRAM2RW64x32)
                                   0.36 f         0.37           0.00    -0.02   nvdla_core_clk
                                                                                          func_slow_cmax
u_NV_NVDLA_pdp_u_rdma_u_eg_u_lat_fifo_ram_r_nv_ram_rwsp_61x65_ram_Inst_61X66_0/I1[7] (SRAM2RW64x32)
                                   0.36 f         0.37           0.00    -0.02   nvdla_core_clk
                                                                                          func_slow_cmax
u_NV_NVDLA_pdp_u_rdma_u_eg_u_lat_fifo_ram_r_nv_ram_rwsp_61x65_ram_Inst_61X66_0/I1[5] (SRAM2RW64x32)
                                   0.36 f         0.37           0.00    -0.02   nvdla_core_clk
                                                                                          func_slow_cmax
u_NV_NVDLA_pdp_u_rdma_u_eg_u_lat_fifo_ram_r_nv_ram_rwsp_61x65_testInst_Data_reg_r0_Jreg_ff_55__SSS_nr_Q_reg/D (DFFX1_RVT)
                                   0.17 f         0.19           0.00    -0.02   nvdla_core_clk
                                                                                          func_slow_cmax
u_NV_NVDLA_cdp_u_rdma_u_eg_u_lat_fifo_ram_r_nv_ram_rwsp_61x65_testInst_Data_reg_r0_Jreg_ff_57__SSS_nr_Q_reg/D (DFFX1_RVT)
                                   0.17 f         0.19           0.00    -0.02   nvdla_core_clk
                                                                                          func_slow_cmax
u_NV_NVDLA_mcif_u_read_u_cq_adr_ram_r_nv_ram_rwst_256x8_ram_Inst_256X8_0/A1[5] (SRAM2RW128x8)
                                   0.36 f         0.37           0.00    -0.02   nvdla_core_clk
                                                                                          func_slow_cmax
u_NV_NVDLA_cdp_u_rdma_u_eg_u_lat_fifo_ram_r_nv_ram_rwsp_61x65_testInst_Data_reg_r0_Jreg_ff_47__SSS_nr_Q_reg/D (DFFX1_RVT)
                                   0.17 f         0.19           0.00    -0.02   nvdla_core_clk
                                                                                          func_slow_cmax
u_NV_NVDLA_pdp_u_core_u_cal2d_bank6_uram_0_r_nv_ram_rws_128x18_ram_Inst_128X18/I1[6] (SRAM2RW128x32)
                                   0.36 f         0.37           0.00    -0.02   nvdla_core_clk
                                                                                          func_slow_cmax
u_NV_NVDLA_pdp_u_core_u_cal2d_bank0_uram_0_r_nv_ram_rws_128x18_ram_Inst_128X18/I1[0] (SRAM2RW128x32)
                                   0.36 f         0.37           0.00    -0.02   nvdla_core_clk
                                                                                          func_slow_cmax
u_NV_NVDLA_pdp_u_rdma_u_eg_u_lat_fifo_ram_r_nv_ram_rwsp_61x65_ram_Inst_61X66_0/A1[5] (SRAM2RW64x32)
                                   0.36 f         0.37           0.00    -0.02   nvdla_core_clk
                                                                                          func_slow_cmax
u_NV_NVDLA_pdp_u_core_u_cal2d_bank3_uram_0_r_nv_ram_rws_128x18_ram_Inst_128X18/I1[16] (SRAM2RW128x32)
                                   0.36 f         0.37           0.00    -0.01   nvdla_core_clk
                                                                                          func_slow_cmax
u_NV_NVDLA_pdp_u_core_u_cal2d_bank3_uram_0_r_nv_ram_rws_128x18_ram_Inst_128X18/I1[3] (SRAM2RW128x32)
                                   0.36 f         0.37           0.00    -0.01   nvdla_core_clk
                                                                                          func_slow_cmax
u_NV_NVDLA_pdp_u_rdma_u_eg_u_lat_fifo_ram_r_nv_ram_rwsp_61x65_testInst_Data_reg_r0_Jreg_ff_43__SSS_nr_Q_reg/D (DFFX1_RVT)
                                   0.18 f         0.19           0.00    -0.01   nvdla_core_clk
                                                                                          func_slow_cmax
u_NV_NVDLA_cdp_u_rdma_u_eg_u_lat_fifo_ram_r_nv_ram_rwsp_61x65_testInst_Data_reg_r0_Jreg_ff_46__SSS_nr_Q_reg/D (DFFX1_RVT)
                                   0.18 f         0.19           0.00    -0.01   nvdla_core_clk
                                                                                          func_slow_cmax
u_NV_NVDLA_cdp_u_dp_u_NV_NVDLA_CDP_DP_syncfifo_u_data_sync_fifo_ram_r_nv_ram_rwsthp_80x9_ram_Inst_80X9/A2[5] (SRAM2RW128x16)
                                   0.36 f         0.37           0.00    -0.01   nvdla_core_clk
                                                                                          func_slow_cmax
u_NV_NVDLA_cdp_u_rdma_u_eg_u_lat_fifo_ram_r_nv_ram_rwsp_61x65_ram_Inst_61X66_0/I1[23] (SRAM2RW64x32)
                                   0.36 f         0.37           0.00    -0.01   nvdla_core_clk
                                                                                          func_slow_cmax
u_NV_NVDLA_pdp_u_wdma_u_dat_u_dat0_fifo2_nvdla_core_clk_mgate_p_clkgate_U3/A1 (AND2X1_RVT)
                                   6.17 f         6.18           0.00    -0.01   nvdla_core_clk
                                                                                          func_slow_cmax
u_NV_NVDLA_cdp_u_wdma_u_dat0_fifo5_nvdla_core_clk_mgate_p_clkgate_U3/A1 (AND2X1_RVT)
                                   6.17 f         6.18           0.00    -0.01   nvdla_core_clk
                                                                                          func_slow_cmax
u_NV_NVDLA_pdp_u_rdma_u_eg_u_ro4_fifo_nvdla_core_clk_mgate_p_clkgate_U3/A1 (AND2X1_RVT)
                                   6.17 f         6.18           0.00    -0.01   nvdla_core_clk
                                                                                          func_slow_cmax
u_NV_NVDLA_cdp_u_rdma_u_eg_u_lat_fifo_ram_r_nv_ram_rwsp_61x65_testInst_Data_reg_r0_Jreg_ff_34__SSS_nr_Q_reg/D (DFFX1_RVT)
                                   0.19 f         0.21           0.00    -0.01   nvdla_core_clk
                                                                                          func_slow_cmax
u_NV_NVDLA_cdp_u_wdma_u_dat0_fifo2_nvdla_core_clk_mgate_p_clkgate_U3/A1 (AND2X1_RVT)
                                   6.17 f         6.18           0.00    -0.01   nvdla_core_clk
                                                                                          func_slow_cmax
u_NV_NVDLA_cdp_u_rdma_u_eg_u_lat_fifo_ram_r_nv_ram_rwsp_61x65_testInst_Data_reg_r0_Jreg_ff_31__SSS_nr_Q_reg/D (DFFX1_RVT)
                                   0.18 f         0.19           0.00    -0.01   nvdla_core_clk
                                                                                          func_slow_cmax
u_NV_NVDLA_cdp_u_wdma_u_dat0_fifo3_nvdla_core_clk_mgate_p_clkgate_U3/A1 (AND2X1_RVT)
                                   6.17 f         6.18           0.00    -0.01   nvdla_core_clk
                                                                                          func_slow_cmax
u_NV_NVDLA_cdp_u_rdma_u_eg_u_ro7_fifo_nvdla_core_clk_mgate_p_clkgate_U3/A1 (AND2X1_RVT)
                                   6.17 f         6.18           0.00    -0.01   nvdla_core_clk
                                                                                          func_slow_cmax
u_NV_NVDLA_pdp_u_rdma_u_eg_u_ro2_fifo_nvdla_core_clk_mgate_p_clkgate_U3/A1 (AND2X1_RVT)
                                   6.17 f         6.18           0.00    -0.01   nvdla_core_clk
                                                                                          func_slow_cmax
u_NV_NVDLA_pdp_u_rdma_u_eg_u_lat_fifo_nvdla_core_clk_mgate_p_clkgate_U3/A1 (AND2X1_RVT)
                                   6.17 f         6.18           0.00    -0.01   nvdla_core_clk
                                                                                          func_slow_cmax
u_NV_NVDLA_pdp_u_core_u_cal2d_bank6_uram_0_r_nv_ram_rws_128x18_ram_Inst_128X18/I1[2] (SRAM2RW128x32)
                                   0.36 f         0.37           0.00    -0.01   nvdla_core_clk
                                                                                          func_slow_cmax
u_NV_NVDLA_cdp_u_rdma_u_eg_u_lat_fifo_ram_r_nv_ram_rwsp_61x65_testInst_Data_reg_r0_Jreg_ff_24__SSS_nr_Q_reg/D (DFFX1_RVT)
                                   0.18 f         0.19           0.00    -0.01   nvdla_core_clk
                                                                                          func_slow_cmax
u_NV_NVDLA_cdp_u_rdma_u_eg_u_lat_fifo_ram_r_nv_ram_rwsp_61x65_testInst_Data_reg_r0_Jreg_ff_27__SSS_nr_Q_reg/D (DFFX1_RVT)
                                   0.18 f         0.19           0.00    -0.01   nvdla_core_clk
                                                                                          func_slow_cmax
u_NV_NVDLA_pdp_u_wdma_u_dat_u_dat0_fifo4_nvdla_core_clk_mgate_p_clkgate_U3/A1 (AND2X1_RVT)
                                   6.17 f         6.18           0.00    -0.01   nvdla_core_clk
                                                                                          func_slow_cmax
u_NV_NVDLA_cdp_u_wdma_u_dat0_fifo7_nvdla_core_clk_mgate_p_clkgate_U3/A1 (AND2X1_RVT)
                                   6.17 f         6.18           0.00    -0.01   nvdla_core_clk
                                                                                          func_slow_cmax
u_NV_NVDLA_pdp_u_core_u_cal2d_bank4_uram_0_r_nv_ram_rws_128x18_UJ_clk_gate_core_U3/A1 (AND2X1_RVT)
                                   6.17 f         6.18           0.00    -0.01   nvdla_core_clk
                                                                                          func_slow_cmax
u_NV_NVDLA_pdp_u_core_u_cal1d_u_NV_NVDLA_PDP_cal1d_info_fifo_nvdla_core_clk_mgate_p_clkgate_U3/A1 (AND2X1_RVT)
                                   6.17 f         6.18           0.00    -0.01   nvdla_core_clk
                                                                                          func_slow_cmax
u_NV_NVDLA_pdp_u_core_u_cal2d_bank3_uram_0_r_nv_ram_rws_128x18_ram_Inst_128X18/I1[11] (SRAM2RW128x32)
                                   0.36 f         0.37           0.00    -0.01   nvdla_core_clk
                                                                                          func_slow_cmax
u_NV_NVDLA_cdp_u_wdma_u_dat0_fifo1_nvdla_core_clk_mgate_p_clkgate_U3/A1 (AND2X1_RVT)
                                   6.17 f         6.18           0.00    -0.01   nvdla_core_clk
                                                                                          func_slow_cmax
u_NV_NVDLA_pdp_u_wdma_u_cmd_u_fifo_nvdla_core_clk_mgate_p_clkgate_U3/A1 (AND2X1_RVT)
                                   6.17 f         6.18           0.00    -0.01   nvdla_core_clk
                                                                                          func_slow_cmax
u_NV_NVDLA_pdp_u_rdma_u_eg_u_ro7_fifo_nvdla_core_clk_mgate_p_clkgate_U3/A1 (AND2X1_RVT)
                                   6.17 f         6.18           0.00    -0.01   nvdla_core_clk
                                                                                          func_slow_cmax
u_NV_NVDLA_cdp_u_rdma_u_eg_u_ro1_fifo_nvdla_core_clk_mgate_p_clkgate_U3/A1 (AND2X1_RVT)
                                   6.17 f         6.18           0.00    -0.01   nvdla_core_clk
                                                                                          func_slow_cmax
u_NV_NVDLA_pdp_u_wdma_u_dat_u_dat0_fifo7_nvdla_core_clk_mgate_p_clkgate_U3/A1 (AND2X1_RVT)
                                   6.17 f         6.18           0.00    -0.01   nvdla_core_clk
                                                                                          func_slow_cmax
u_NV_NVDLA_cdp_u_rdma_u_eg_u_lat_fifo_ram_r_nv_ram_rwsp_61x65_ram_Inst_61X66_0/I1[13] (SRAM2RW64x32)
                                   0.36 f         0.37           0.00    -0.01   nvdla_core_clk
                                                                                          func_slow_cmax
u_NV_NVDLA_pdp_u_rdma_u_cq_nvdla_core_clk_mgate_p_clkgate_U3/A1 (AND2X1_RVT)
                                   6.17 f         6.18           0.00    -0.01   nvdla_core_clk
                                                                                          func_slow_cmax
u_NV_NVDLA_pdp_u_core_u_cal2d_bank6_uram_0_r_nv_ram_rws_128x18_UJ_clk_gate_core_U3/A1 (AND2X1_RVT)
                                   6.17 f         6.18           0.00    -0.01   nvdla_core_clk
                                                                                          func_slow_cmax
u_NV_NVDLA_pdp_u_core_u_cal2d_bank3_uram_0_r_nv_ram_rws_128x18_UJ_clk_gate_core_U3/A1 (AND2X1_RVT)
                                   6.17 f         6.18           0.00    -0.01   nvdla_core_clk
                                                                                          func_slow_cmax
u_NV_NVDLA_cdp_u_rdma_u_eg_u_lat_fifo_nvdla_core_clk_mgate_p_clkgate_U3/A1 (AND2X1_RVT)
                                   6.17 f         6.18           0.00    -0.01   nvdla_core_clk
                                                                                          func_slow_cmax
u_NV_NVDLA_mcif_u_read_u_cq_ram_r_nv_ram_rws_256x7_ram_Inst_256X7_0/A1[4] (SRAM2RW128x8)
                                   0.36 f         0.37           0.00    -0.01   nvdla_core_clk
                                                                                          func_slow_cmax
u_NV_NVDLA_pdp_u_rdma_u_eg_u_ro6_fifo_nvdla_core_clk_mgate_p_clkgate_U3/A1 (AND2X1_RVT)
                                   6.17 f         6.18           0.00    -0.01   nvdla_core_clk
                                                                                          func_slow_cmax
u_NV_NVDLA_pdp_u_rdma_u_eg_u_lat_fifo_ram_r_nv_ram_rwsp_61x65_UJ_clk_jtag_Data_reg_r0_U3/A1 (AND2X1_RVT)
                                   6.17 f         6.18           0.00    -0.01   nvdla_core_clk
                                                                                          func_slow_cmax
u_NV_NVDLA_cdp_u_rdma_u_eg_u_ro4_fifo_nvdla_core_clk_mgate_p_clkgate_U3/A1 (AND2X1_RVT)
                                   6.17 f         6.18           0.00    -0.01   nvdla_core_clk
                                                                                          func_slow_cmax
u_NV_NVDLA_cdp_u_rdma_u_ig_stl_cnt_cur_reg_0_/D (DFFARX1_RVT)
                                   0.20 f         0.21           0.00    -0.01   nvdla_core_clk
                                                                                          func_slow_cmax
u_NV_NVDLA_cdp_u_rdma_u_eg_u_ro6_fifo_nvdla_core_clk_mgate_p_clkgate_U3/A1 (AND2X1_RVT)
                                   6.17 f         6.18           0.00    -0.01   nvdla_core_clk
                                                                                          func_slow_cmax
u_NV_NVDLA_pdp_u_rdma_u_eg_u_lat_fifo_ram_r_nv_ram_rwsp_61x65_testInst_Data_reg_r0_Jreg_ff_46__SSS_nr_Q_reg/D (DFFX1_RVT)
                                   0.18 f         0.19           0.00    -0.01   nvdla_core_clk
                                                                                          func_slow_cmax
u_NV_NVDLA_pdp_u_wdma_u_dat_u_dat0_fifo3_nvdla_core_clk_mgate_p_clkgate_U3/A1 (AND2X1_RVT)
                                   6.17 f         6.18           0.00    -0.01   nvdla_core_clk
                                                                                          func_slow_cmax
u_NV_NVDLA_cdp_u_wdma_u_dat0_fifo4_nvdla_core_clk_mgate_p_clkgate_U3/A1 (AND2X1_RVT)
                                   6.17 f         6.18           0.00    -0.01   nvdla_core_clk
                                                                                          func_slow_cmax
u_NV_NVDLA_cdp_u_rdma_u_eg_u_lat_fifo_ram_r_nv_ram_rwsp_61x65_ram_Inst_61X66_1/A1[5] (SRAM2RW64x32)
                                   0.36 f         0.37           0.00    -0.01   nvdla_core_clk
                                                                                          func_slow_cmax
u_NV_NVDLA_pdp_u_wdma_stl_cnt_cur_reg_0_/D (DFFARX1_RVT)
                                   0.20 f         0.21           0.00    -0.01   nvdla_core_clk
                                                                                          func_slow_cmax
u_NV_NVDLA_cdp_u_rdma_u_eg_u_ro2_fifo_nvdla_core_clk_mgate_p_clkgate_U3/A1 (AND2X1_RVT)
                                   6.17 f         6.18           0.00    -0.01   nvdla_core_clk
                                                                                          func_slow_cmax
u_NV_NVDLA_cdp_u_rdma_u_eg_u_ro5_fifo_nvdla_core_clk_mgate_p_clkgate_U3/A1 (AND2X1_RVT)
                                   6.17 f         6.18           0.00    -0.01   nvdla_core_clk
                                                                                          func_slow_cmax
u_NV_NVDLA_pdp_u_wdma_u_dat_u_dat0_fifo6_nvdla_core_clk_mgate_p_clkgate_U3/A1 (AND2X1_RVT)
                                   6.17 f         6.18           0.00    -0.01   nvdla_core_clk
                                                                                          func_slow_cmax
u_NV_NVDLA_pdp_u_rdma_u_ig_stl_cnt_cur_reg_0_/D (DFFARX1_RVT)
                                   0.20 f         0.21           0.00    -0.01   nvdla_core_clk
                                                                                          func_slow_cmax
u_NV_NVDLA_pdp_u_core_u_cal2d_bank5_uram_0_r_nv_ram_rws_128x18_UJ_clk_gate_core_U3/A1 (AND2X1_RVT)
                                   6.17 f         6.18           0.00    -0.01   nvdla_core_clk
                                                                                          func_slow_cmax
u_NV_NVDLA_cdp_u_rdma_u_cq_nvdla_core_clk_mgate_p_clkgate_U3/A1 (AND2X1_RVT)
                                   6.17 f         6.18           0.00    -0.01   nvdla_core_clk
                                                                                          func_slow_cmax
u_NV_NVDLA_cdp_u_rdma_u_eg_u_ro3_fifo_nvdla_core_clk_mgate_p_clkgate_U3/A1 (AND2X1_RVT)
                                   6.17 f         6.18           0.00    -0.01   nvdla_core_clk
                                                                                          func_slow_cmax
u_NV_NVDLA_pdp_u_core_u_cal2d_bank6_uram_0_r_nv_ram_rws_128x18_ram_Inst_128X18/I1[4] (SRAM2RW128x32)
                                   0.36 f         0.37           0.00    -0.01   nvdla_core_clk
                                                                                          func_slow_cmax
u_NV_NVDLA_pdp_u_wdma_u_dat_u_dat0_fifo5_nvdla_core_clk_mgate_p_clkgate_U3/A1 (AND2X1_RVT)
                                   6.17 f         6.18           0.00    -0.01   nvdla_core_clk
                                                                                          func_slow_cmax
u_NV_NVDLA_pdp_u_core_u_cal2d_bank0_uram_0_r_nv_ram_rws_128x18_UJ_clk_gate_core_U3/A1 (AND2X1_RVT)
                                   6.17 f         6.18           0.00    -0.01   nvdla_core_clk
                                                                                          func_slow_cmax
u_NV_NVDLA_cdp_u_wdma_u_cmd_fifo_nvdla_core_clk_mgate_p_clkgate_U3/A1 (AND2X1_RVT)
                                   6.17 f         6.18           0.00    -0.01   nvdla_core_clk
                                                                                          func_slow_cmax
u_NV_NVDLA_pdp_u_rdma_u_ig_stl_cnt_cur_reg_24_/D (DFFARX1_RVT)
                                   0.20 f         0.21           0.00    -0.01   nvdla_core_clk
                                                                                          func_slow_cmax
u_NV_NVDLA_pdp_u_core_u_cal2d_bank1_uram_0_r_nv_ram_rws_128x18_UJ_clk_gate_core_U3/A1 (AND2X1_RVT)
                                   6.17 f         6.18           0.00    -0.01   nvdla_core_clk
                                                                                          func_slow_cmax
u_NV_NVDLA_pdp_u_reg_slcg_op_en_d3_reg_0_/D (DFFARX1_RVT)
                                   0.16 f         0.17           0.00    -0.01   nvdla_core_clk
                                                                                          func_slow_cmax
u_NV_NVDLA_cdp_u_wdma_u_dat0_fifo0_nvdla_core_clk_mgate_p_clkgate_U3/A1 (AND2X1_RVT)
                                   6.17 f         6.18           0.00    -0.01   nvdla_core_clk
                                                                                          func_slow_cmax
u_NV_NVDLA_pdp_u_rdma_u_eg_u_ro5_fifo_nvdla_core_clk_mgate_p_clkgate_U3/A1 (AND2X1_RVT)
                                   6.17 f         6.18           0.00    -0.01   nvdla_core_clk
                                                                                          func_slow_cmax
u_NV_NVDLA_pdp_u_core_u_cal2d_bank7_uram_0_r_nv_ram_rws_128x18_UJ_clk_gate_core_U3/A1 (AND2X1_RVT)
                                   6.17 f         6.18           0.00    -0.01   nvdla_core_clk
                                                                                          func_slow_cmax
u_NV_NVDLA_cdp_u_rdma_u_eg_u_lat_fifo_ram_r_nv_ram_rwsp_61x65_UJ_clk_jtag_Data_reg_r0_U3/A1 (AND2X1_RVT)
                                   6.17 f         6.18           0.00    -0.01   nvdla_core_clk
                                                                                          func_slow_cmax
u_NV_NVDLA_cdp_u_rdma_u_eg_u_ro0_fifo_nvdla_core_clk_mgate_p_clkgate_U3/A1 (AND2X1_RVT)
                                   6.17 f         6.18           0.00    -0.01   nvdla_core_clk
                                                                                          func_slow_cmax
u_NV_NVDLA_cdp_u_wdma_u_dat0_fifo6_nvdla_core_clk_mgate_p_clkgate_U3/A1 (AND2X1_RVT)
                                   6.17 f         6.18           0.00    -0.01   nvdla_core_clk
                                                                                          func_slow_cmax
u_NV_NVDLA_cdp_u_rdma_u_eg_u_lat_fifo_ram_r_nv_ram_rwsp_61x65_UJ_clk_gate_core_U3/A1 (AND2X1_RVT)
                                   6.17 f         6.18           0.00    -0.01   nvdla_core_clk
                                                                                          func_slow_cmax
u_NV_NVDLA_pdp_u_rdma_u_eg_u_ro1_fifo_nvdla_core_clk_mgate_p_clkgate_U3/A1 (AND2X1_RVT)
                                   6.17 f         6.18           0.00    -0.01   nvdla_core_clk
                                                                                          func_slow_cmax
u_NV_NVDLA_pdp_u_rdma_u_eg_u_lat_fifo_ram_r_nv_ram_rwsp_61x65_UJ_clk_gate_core_U3/A1 (AND2X1_RVT)
                                   6.17 f         6.18           0.00    -0.01   nvdla_core_clk
                                                                                          func_slow_cmax
u_NV_NVDLA_cdp_u_wdma_pipe_skid_cdp_dp2wdma_pd_reg_0_/D (DFFX1_RVT)
                                   0.19 f         0.20           0.00    -0.01   nvdla_core_clk
                                                                                          func_slow_cmax
u_NV_NVDLA_pdp_u_core_u_cal2d_bank2_uram_0_r_nv_ram_rws_128x18_UJ_clk_gate_core_U3/A1 (AND2X1_RVT)
                                   6.17 f         6.18           0.00    -0.01   nvdla_core_clk
                                                                                          func_slow_cmax
u_sync_core_reset_sync_reset_synced_core_rstn_NV_GENERIC_CELL_q_reg/D (DFFARX1_RVT)
                                   0.16 f         0.17           0.00    -0.01   nvdla_core_clk
                                                                                          func_slow_cmax
u_NV_NVDLA_pdp_u_rdma_u_reg_slcg_op_en_d3_reg/D (DFFARX2_RVT)
                                   0.16 f         0.17           0.00    -0.01   nvdla_core_clk
                                                                                          func_slow_cmax
u_NV_NVDLA_cdp_u_rdma_u_eg_u_lat_fifo_ram_r_nv_ram_rwsp_61x65_testInst_Data_reg_r0_Jreg_ff_45__SSS_nr_Q_reg/D (DFFX1_RVT)
                                   0.18 f         0.19           0.00    -0.01   nvdla_core_clk
                                                                                          func_slow_cmax
u_NV_NVDLA_csb_master_u_fifo_csb2nvdla_NV_AFIFO_wr_pushing_sync2_sync3d_q_reg/D (DFFARX1_RVT)
                                   0.16 f         0.17           0.00    -0.01   nvdla_core_clk
                                                                                          func_slow_cmax
u_NV_NVDLA_pdp_u_rdma_u_eg_u_ro0_fifo_nvdla_core_clk_mgate_p_clkgate_U3/A1 (AND2X1_RVT)
                                   6.17 f         6.18           0.00    -0.01   nvdla_core_clk
                                                                                          func_slow_cmax
u_NV_NVDLA_pdp_u_rdma_u_eg_u_lat_fifo_ram_r_nv_ram_rwsp_61x65_testInst_Data_reg_r0_Jreg_ff_64__SSS_nr_Q_reg/D (DFFSSRX1_RVT)
                                   0.16 f         0.17           0.00    -0.01   nvdla_core_clk
                                                                                          func_slow_cmax
u_NV_NVDLA_cdp_u_rdma_u_eg_u_lat_fifo_ram_r_nv_ram_rwsp_61x65_testInst_Data_reg_r0_Jreg_ff_43__SSS_nr_Q_reg/D (DFFX1_RVT)
                                   0.18 f         0.19           0.00    -0.01   nvdla_core_clk
                                                                                          func_slow_cmax
u_NV_NVDLA_mcif_u_read_u_eg_u_read_eg_arb_wt_left_reg_0_/D (DFFARX1_RVT)
                                   0.16 f         0.17           0.00    -0.01   nvdla_core_clk
                                                                                          func_slow_cmax
u_NV_NVDLA_pdp_u_rdma_u_eg_u_ro3_fifo_nvdla_core_clk_mgate_p_clkgate_U3/A1 (AND2X1_RVT)
                                   6.17 f         6.18           0.00    -0.01   nvdla_core_clk
                                                                                          func_slow_cmax
u_NV_NVDLA_cdp_u_dp_u_NV_NVDLA_CDP_DP_syncfifo_u_data_sync_fifo_ram_r_nv_ram_rwsthp_80x9_ram_Inst_80X9/A2[6] (SRAM2RW128x16)
                                   0.37 f         0.37           0.00    -0.01   nvdla_core_clk
                                                                                          func_slow_cmax
u_NV_NVDLA_pdp_u_core_u_cal2d_bank6_uram_0_r_nv_ram_rws_128x18_ram_Inst_128X18/I1[9] (SRAM2RW128x32)
                                   0.37 f         0.37           0.00    -0.01   nvdla_core_clk
                                                                                          func_slow_cmax
u_NV_NVDLA_cdp_u_dp_u_NV_NVDLA_CDP_DP_sum_buf2sum_d_vld_reg/D (DFFARX1_RVT)
                                   0.11 f         0.12           0.00    -0.01   nvdla_core_clk
                                                                                          func_slow_cmax
u_NV_NVDLA_cdp_u_rdma_u_eg_u_lat_fifo_ram_r_nv_ram_rwsp_61x65_testInst_Data_reg_r0_Jreg_ff_62__SSS_nr_Q_reg/D (DFFSSRX1_RVT)
                                   0.16 f         0.17           0.00    -0.01   nvdla_core_clk
                                                                                          func_slow_cmax
u_NV_NVDLA_cdp_u_wdma_stl_cnt_cur_reg_0_/D (DFFARX2_RVT)
                                   0.21 f         0.21           0.00    -0.01   nvdla_core_clk
                                                                                          func_slow_cmax
u_NV_NVDLA_pdp_u_core_u_cal2d_bank3_uram_0_r_nv_ram_rws_128x18_ram_Inst_128X18/I1[14] (SRAM2RW128x32)
                                   0.37 f         0.37           0.00    -0.01   nvdla_core_clk
                                                                                          func_slow_cmax
u_NV_NVDLA_cdp_u_wdma_stl_cnt_cur_reg_24_/D (DFFARX1_RVT)
                                   0.20 f         0.21           0.00    -0.01   nvdla_core_clk
                                                                                          func_slow_cmax
u_NV_NVDLA_csb_master_u_fifo_csb2nvdla_NV_AFIFO_wr_pushing_sync0_sync3d_q_reg/D (DFFARX1_RVT)
                                   0.16 f         0.17           0.00    -0.01   nvdla_core_clk
                                                                                          func_slow_cmax
u_NV_NVDLA_pdp_u_wdma_stl_cnt_cur_reg_24_/D (DFFARX1_RVT)
                                   0.20 f         0.21           0.00    -0.01   nvdla_core_clk
                                                                                          func_slow_cmax
u_NV_NVDLA_cdp_u_reg_slcg_op_en_d3_reg_0_/D (DFFARX1_RVT)
                                   0.16 f         0.17           0.00    -0.01   nvdla_core_clk
                                                                                          func_slow_cmax
u_NV_NVDLA_csb_master_u_fifo_nvdla2csb_NV_AFIFO_rd_popping_sync1_sync3d_q_reg/D (DFFARX1_RVT)
                                   0.20 f         0.21           0.00    -0.01   nvdla_core_clk
                                                                                          func_slow_cmax
u_NV_NVDLA_csb_master_u_fifo_csb2nvdla_rd_adr_reg_0_/D (DFFARX1_RVT)
                                   0.20 f         0.21           0.00    -0.01   nvdla_core_clk
                                                                                          func_slow_cmax
u_NV_NVDLA_csb_master_u_fifo_csb2nvdla_NV_AFIFO_wr_pushing_sync1_sync3d_d1_reg/D (DFFARX1_RVT)
                                   0.16 f         0.17           0.00    -0.01   nvdla_core_clk
                                                                                          func_slow_cmax
u_NV_NVDLA_pdp_u_core_u_cal1d_channel_cnt_reg_4_/D (DFFARX1_RVT)
                                   0.20 f         0.21           0.00    -0.01   nvdla_core_clk
                                                                                          func_slow_cmax
u_NV_NVDLA_pdp_u_rdma_u_reg_slcg_op_en_d2_reg/D (DFFARX1_RVT)
                                   0.16 f         0.17           0.00    -0.01   nvdla_core_clk
                                                                                          func_slow_cmax
u_NV_NVDLA_csb_master_u_fifo_csb2nvdla_NV_AFIFO_wr_pushing_sync0_sync3d_d1_reg/D (DFFARX1_RVT)
                                   0.16 f         0.17           0.00    -0.01   nvdla_core_clk
                                                                                          func_slow_cmax
u_NV_NVDLA_cdp_u_rdma_u_eg_u_lat_fifo_ram_r_nv_ram_rwsp_61x65_testInst_Data_reg_r0_Jreg_ff_7__SSS_nr_Q_reg/D (DFFX1_RVT)
                                   0.18 f         0.19           0.00    -0.01   nvdla_core_clk
                                                                                          func_slow_cmax
u_NV_NVDLA_pdp_u_core_u_cal2d_bank6_uram_0_r_nv_ram_rws_128x18_ram_Inst_128X18/I1[15] (SRAM2RW128x32)
                                   0.37 f         0.37           0.00    -0.01   nvdla_core_clk
                                                                                          func_slow_cmax
u_NV_NVDLA_cdp_u_rdma_u_eg_u_lat_fifo_ram_r_nv_ram_rwsp_61x65_ram_Inst_61X66_0/I1[11] (SRAM2RW64x32)
                                   0.37 f         0.37           0.00    -0.01   nvdla_core_clk
                                                                                          func_slow_cmax
u_NV_NVDLA_pdp_u_reg_slcg_op_en_d2_reg_0_/D (DFFARX1_RVT)
                                   0.16 f         0.17           0.00    -0.01   nvdla_core_clk
                                                                                          func_slow_cmax
u_sync_core_reset_sync_reset_synced_rstn_NV_GENERIC_CELL_q_reg/D (DFFARX1_RVT)
                                   0.16 f         0.17           0.00    -0.01   nvdla_core_clk
                                                                                          func_slow_cmax
u_NV_NVDLA_pdp_u_core_u_preproc_op_en_d1_reg/D (DFFARX1_RVT)
                                   0.18 f         0.19           0.00    -0.01   nvdla_core_clk
                                                                                          func_slow_cmax
u_NV_NVDLA_pdp_u_nan_op_en_d1_reg/D (DFFARX1_RVT)
                                   0.18 f         0.19           0.00    -0.01   nvdla_core_clk
                                                                                          func_slow_cmax
u_NV_NVDLA_pdp_u_rdma_u_eg_u_lat_fifo_ram_r_nv_ram_rwsp_61x65_testInst_Data_reg_r0_Jreg_ff_51__SSS_nr_Q_reg/D (DFFX1_RVT)
                                   0.18 f         0.19           0.00    -0.01   nvdla_core_clk
                                                                                          func_slow_cmax
u_NV_NVDLA_cdp_u_rdma_u_ig_stl_cnt_cur_reg_24_/D (DFFARX1_RVT)
                                   0.20 f         0.21           0.00    -0.01   nvdla_core_clk
                                                                                          func_slow_cmax
u_NV_NVDLA_glb_u_ic_done_source_reg_2_/D (DFFARX1_RVT)
                                   0.16 f         0.16           0.00    -0.01   nvdla_core_clk
                                                                                          func_slow_cmax
u_NV_NVDLA_pdp_u_core_u_cal2d_bank6_uram_0_r_nv_ram_rws_128x18_ram_Inst_128X18/I1[13] (SRAM2RW128x32)
                                   0.37 f         0.37           0.00    -0.00   nvdla_core_clk
                                                                                          func_slow_cmax
u_NV_NVDLA_csb_master_u_fifo_csb2nvdla_NV_AFIFO_wr_pushing_sync1_sync3d_q_reg/D (DFFARX1_RVT)
                                   0.16 f         0.16           0.00    -0.00   nvdla_core_clk
                                                                                          func_slow_cmax
u_NV_NVDLA_cdp_u_rdma_u_eg_u_lat_fifo_ram_r_nv_ram_rwsp_61x65_testInst_Data_reg_r0_Jreg_ff_28__SSS_nr_Q_reg/D (DFFX1_RVT)
                                   0.18 f         0.19           0.00    -0.00   nvdla_core_clk
                                                                                          func_slow_cmax
u_NV_NVDLA_pdp_u_core_u_cal2d_bank6_uram_0_r_nv_ram_rws_128x18_ram_Inst_128X18/I1[12] (SRAM2RW128x32)
                                   0.37 f         0.37           0.00    -0.00   nvdla_core_clk
                                                                                          func_slow_cmax
u_NV_NVDLA_cdp_u_rdma_u_eg_u_lat_fifo_ram_r_nv_ram_rwsp_61x65_testInst_Data_reg_r0_Jreg_ff_3__SSS_nr_Q_reg/D (DFFX1_RVT)
                                   0.18 f         0.19           0.00    -0.00   nvdla_core_clk
                                                                                          func_slow_cmax
u_NV_NVDLA_csb_master_u_fifo_nvdla2csb_NV_AFIFO_rd_popping_sync0_sync3d_q_reg/D (DFFARX1_RVT)
                                   0.20 f         0.20           0.00    -0.00   nvdla_core_clk
                                                                                          func_slow_cmax
u_NV_NVDLA_cdp_u_dp_u_NV_NVDLA_CDP_DP_cvtout_pipe_p2_p2_pipe_valid_reg/D (DFFARX1_RVT)
                                   0.12 f         0.12           0.00    -0.00   nvdla_core_clk
                                                                                          func_slow_cmax
u_NV_NVDLA_csb_master_u_fifo_csb2nvdla_NV_AFIFO_wr_pushing_sync2_sync3d_d1_reg/D (DFFARX1_RVT)
                                   0.16 f         0.16           0.00    -0.00   nvdla_core_clk
                                                                                          func_slow_cmax
u_NV_NVDLA_cdp_u_rdma_u_eg_u_lat_fifo_ram_r_nv_ram_rwsp_61x65_testInst_Data_reg_r0_Jreg_ff_26__SSS_nr_Q_reg/D (DFFX1_RVT)
                                   0.18 f         0.19           0.00    -0.00   nvdla_core_clk
                                                                                          func_slow_cmax
u_NV_NVDLA_cdp_u_rdma_u_eg_u_lat_fifo_ram_r_nv_ram_rwsp_61x65_testInst_Data_reg_r0_Jreg_ff_29__SSS_nr_Q_reg/D (DFFX1_RVT)
                                   0.18 f         0.19           0.00    -0.00   nvdla_core_clk
                                                                                          func_slow_cmax
u_sync_core_reset_sync_reset_synced_dla_rstn_NV_GENERIC_CELL_q_reg/D (DFFARX1_RVT)
                                   0.16 f         0.16           0.00    -0.00   nvdla_core_clk
                                                                                          func_slow_cmax
u_NV_NVDLA_glb_u_ic_done_source_reg_3_/D (DFFARX1_RVT)
                                   0.16 f         0.16           0.00    -0.00   nvdla_core_clk
                                                                                          func_slow_cmax
u_NV_NVDLA_cdp_u_dp_u_NV_NVDLA_CDP_DP_intp_u_interp_X0_int_vld_d1_reg/D (DFFARX1_RVT)
                                   0.12 f         0.12           0.00    -0.00   nvdla_core_clk
                                                                                          func_slow_cmax
u_NV_NVDLA_pdp_u_core_u_cal2d_sub_lbuf_dout_cnt_reg_0_/D (DFFARX1_RVT)
                                   0.21 f         0.21           0.00    -0.00   nvdla_core_clk
                                                                                          func_slow_cmax
u_NV_NVDLA_csb_master_u_fifo_csb2nvdla_NV_AFIFO_rd_popping_sync0_src_d_f_reg/D (DFFARX1_RVT)
                                   0.21 f         0.21           0.00    -0.00   nvdla_core_clk
                                                                                          func_slow_cmax
u_NV_NVDLA_pdp_u_rdma_u_eg_u_lat_fifo_ram_r_nv_ram_rwsp_61x65_ram_Inst_61X66_0/I1[1] (SRAM2RW64x32)
                                   0.37 f         0.37           0.00    -0.00   nvdla_core_clk
                                                                                          func_slow_cmax
u_NV_NVDLA_mcif_u_write_u_ig_u_bpt1_u_dfifo_dfifo_rd_pvld_int_d_reg/D (DFFARX1_RVT)
                                   0.16 f         0.16           0.00    -0.00   nvdla_core_clk
                                                                                          func_slow_cmax
u_NV_NVDLA_pdp_u_core_u_cal2d_bank0_uram_0_r_nv_ram_rws_128x18_ram_Inst_128X18/I1[2] (SRAM2RW128x32)
                                   0.37 f         0.37           0.00    -0.00   nvdla_core_clk
                                                                                          func_slow_cmax
u_NV_NVDLA_cdp_u_rdma_u_eg_u_lat_fifo_ram_r_nv_ram_rwsp_61x65_testInst_Data_reg_r0_Jreg_ff_25__SSS_nr_Q_reg/D (DFFX1_RVT)
                                   0.18 f         0.18           0.00    -0.00   nvdla_core_clk
                                                                                          func_slow_cmax
u_NV_NVDLA_pdp_u_core_u_cal2d_bank6_uram_0_r_nv_ram_rws_128x18_ram_Inst_128X18/I1[14] (SRAM2RW128x32)
                                   0.37 f         0.37           0.00    -0.00   nvdla_core_clk
                                                                                          func_slow_cmax
u_NV_NVDLA_mcif_u_read_u_cq_adr_ram_r_nv_ram_rwst_256x8_ram_Inst_256X8_1/A2[1] (SRAM2RW128x8)
                                   0.37 f         0.37           0.00    -0.00   nvdla_core_clk
                                                                                          func_slow_cmax
u_NV_NVDLA_pdp_u_wdma_intp_waiting_rdma_reg/D (DFFARX1_RVT)
                                   0.17 f         0.17           0.00    -0.00   nvdla_core_clk
                                                                                          func_slow_cmax
u_NV_NVDLA_pdp_u_core_u_cal2d_bank3_uram_0_r_nv_ram_rws_128x18_ram_Inst_128X18/I1[2] (SRAM2RW128x32)
                                   0.37 f         0.37           0.00    -0.00   nvdla_core_clk
                                                                                          func_slow_cmax
u_NV_NVDLA_pdp_u_core_u_cal2d_bank6_uram_0_r_nv_ram_rws_128x18_ram_Inst_128X18/I1[8] (SRAM2RW128x32)
                                   0.37 f         0.37           0.00    -0.00   nvdla_core_clk
                                                                                          func_slow_cmax
u_NV_NVDLA_pdp_u_core_u_cal1d_unit1d_6_pipe_vld_4_reg/D (DFFARX2_RVT)
                                   0.20 f         0.21           0.00    -0.00   nvdla_core_clk
                                                                                          func_slow_cmax
u_NV_NVDLA_cdp_u_dp_u_NV_NVDLA_CDP_DP_syncfifo_u_data_sync_fifo_ram_r_nv_ram_rwsthp_80x9_ram_Inst_80X9/A2[0] (SRAM2RW128x16)
                                   0.37 f         0.37           0.00    -0.00   nvdla_core_clk
                                                                                          func_slow_cmax
u_NV_NVDLA_pdp_u_rdma_u_eg_u_lat_fifo_ram_r_nv_ram_rwsp_61x65_ram_Inst_61X66_0/A2[5] (SRAM2RW64x32)
                                   0.37 f         0.37           0.00    -0.00   nvdla_core_clk
                                                                                          func_slow_cmax
u_NV_NVDLA_pdp_u_wdma_u_cmd_u_fifo_cmd_fifo_rd_count_reg/D (DFFARX1_RVT)
                                   0.21 f         0.21           0.00    -0.00   nvdla_core_clk
                                                                                          func_slow_cmax
u_NV_NVDLA_mcif_u_read_u_eg_ro4_fifo0_ro_rd_count_p_reg_2_/D (DFFARX1_RVT)
                                   0.21 f         0.21           0.00    -0.00   nvdla_core_clk
                                                                                          func_slow_cmax

   Mode: func Corner: slow_cmax
   Scenario: func_slow_cmax
  ---------------------------------------------------------------------------
   Number of max_transition violation(s): 0

   Mode: func Corner: slow_cmax
   Scenario: func_slow_cmax
   max_capacitance                                                             
                             Required        Actual                            
   Net                      Capacitance    Capacitance       Slack  Violation  
  ---------------------------------------------------------------------------
   PLACE_HFSNET_1963           32.00         125.75         -93.75  (VIOLATED) 
     PIN : PLACE_HFSINV_16419_1992/Y
                               32.00         125.75         -93.75  (VIOLATED) 

   PLACE_HFSNET_243            32.00          63.42         -31.42  (VIOLATED) 
     PIN : PLACE_HFSBUF_74_272/Y
                               32.00          63.42         -31.42  (VIOLATED) 

   PLACE_HFSNET_23492          32.00          62.07         -30.07  (VIOLATED) 
     PIN : PLACE_HFSINV_8071_23521/Y
                               32.00          62.07         -30.07  (VIOLATED) 

   PLACE_HFSNET_6020           32.00          61.30         -29.30  (VIOLATED) 
     PIN : PLACE_HFSBUF_1253_6049/Y
                               32.00          61.30         -29.30  (VIOLATED) 

   PLACE_HFSNET_12714          32.00          58.58         -26.58  (VIOLATED) 
     PIN : PLACE_BINV_RR_51854/Y
                               32.00          58.58         -26.58  (VIOLATED) 

   PLACE_ZBUF_130              32.00          56.20         -24.20  (VIOLATED) 
     PIN : PLACE_ZBUF_inst_53299/Y
                               32.00          56.20         -24.20  (VIOLATED) 

   net_net_26297               32.00          52.22         -20.22  (VIOLATED) 
     PIN : PLACE_HFSINV_811_102/Y
                               32.00          52.22         -20.22  (VIOLATED) 

   iso_net_sdp_n2mcif_rd_req_pd_25_
                               16.00          34.40         -18.40  (VIOLATED) 
     PIN : iso_buf_sdp_n2mcif_rd_req_pd_25_/Y
                               16.00          34.40         -18.40  (VIOLATED) 

   PLACE_ZBUF_107              32.00          50.37         -18.37  (VIOLATED) 
     PIN : PLACE_ZBUF_inst_52911/Y
                               32.00          50.37         -18.37  (VIOLATED) 

   PLACE_HFSNET_23479          32.00          49.25         -17.25  (VIOLATED) 
     PIN : PLACE_HFSBUF_8106_23508/Y
                               32.00          49.25         -17.25  (VIOLATED) 

   PLACE_ZBUF_342              32.00          49.23         -17.23  (VIOLATED) 
     PIN : PLACE_ZBUF_inst_53171/Y
                               32.00          49.23         -17.23  (VIOLATED) 

   PLACE_HFSNET_105            32.00          49.21         -17.21  (VIOLATED) 
     PIN : PLACE_BUFT_RR_52102/Y
                               32.00          49.21         -17.21  (VIOLATED) 

   PLACE_HFSNET_11367          32.00          48.62         -16.62  (VIOLATED) 
     PIN : PLACE_BUFT_RR_51841/Y
                               32.00          48.62         -16.62  (VIOLATED) 

   iso_net_sdp_n2mcif_rd_req_pd_18_
                               16.00          32.48         -16.48  (VIOLATED) 
     PIN : iso_buf_sdp_n2mcif_rd_req_pd_18_/Y
                               16.00          32.48         -16.48  (VIOLATED) 

   iso_net_sdp_n2mcif_rd_req_pd_32_
                               16.00          32.44         -16.44  (VIOLATED) 
     PIN : iso_buf_sdp_n2mcif_rd_req_pd_32_/Y
                               16.00          32.44         -16.44  (VIOLATED) 

   iso_net_sdp_n2mcif_rd_req_pd_15_
                               16.00          32.38         -16.38  (VIOLATED) 
     PIN : iso_buf_sdp_n2mcif_rd_req_pd_15_/Y
                               16.00          32.38         -16.38  (VIOLATED) 

   iso_net_sdp_n2mcif_rd_req_pd_17_
                               16.00          32.36         -16.36  (VIOLATED) 
     PIN : iso_buf_sdp_n2mcif_rd_req_pd_17_/Y
                               16.00          32.36         -16.36  (VIOLATED) 

   iso_net_sdp_n2mcif_rd_req_pd_35_
                               16.00          32.11         -16.11  (VIOLATED) 
     PIN : iso_buf_sdp_n2mcif_rd_req_pd_35_/Y
                               16.00          32.11         -16.11  (VIOLATED) 

   iso_net_sdp_n2mcif_rd_req_pd_16_
                               16.00          31.91         -15.91  (VIOLATED) 
     PIN : iso_buf_sdp_n2mcif_rd_req_pd_16_/Y
                               16.00          31.91         -15.91  (VIOLATED) 

   iso_net_sdp_n2mcif_rd_req_pd_20_
                               16.00          31.86         -15.86  (VIOLATED) 
     PIN : iso_buf_sdp_n2mcif_rd_req_pd_20_/Y
                               16.00          31.86         -15.86  (VIOLATED) 

   iso_net_sdp_n2mcif_rd_req_pd_31_
                               16.00          31.86         -15.86  (VIOLATED) 
     PIN : iso_buf_sdp_n2mcif_rd_req_pd_31_/Y
                               16.00          31.86         -15.86  (VIOLATED) 

   PLACE_ZBUF_300              32.00          47.85         -15.85  (VIOLATED) 
     PIN : PLACE_ZBUF_inst_53129/Y
                               32.00          47.85         -15.85  (VIOLATED) 

   iso_net_sdp_n2mcif_rd_req_pd_28_
                               16.00          31.60         -15.60  (VIOLATED) 
     PIN : iso_buf_sdp_n2mcif_rd_req_pd_28_/Y
                               16.00          31.60         -15.60  (VIOLATED) 

   PLACE_ZBUF_170              32.00          47.55         -15.55  (VIOLATED) 
     PIN : PLACE_ZBUF_inst_52982/Y
                               32.00          47.55         -15.55  (VIOLATED) 

   iso_net_sdp_n2mcif_rd_req_pd_12_
                               16.00          31.51         -15.51  (VIOLATED) 
     PIN : iso_buf_sdp_n2mcif_rd_req_pd_12_/Y
                               16.00          31.51         -15.51  (VIOLATED) 

   iso_net_sdp_n2mcif_rd_req_pd_8_
                               16.00          31.40         -15.40  (VIOLATED) 
     PIN : iso_buf_sdp_n2mcif_rd_req_pd_8_/Y
                               16.00          31.40         -15.40  (VIOLATED) 

   iso_net_sdp_n2mcif_rd_req_pd_9_
                               16.00          31.29         -15.29  (VIOLATED) 
     PIN : iso_buf_sdp_n2mcif_rd_req_pd_9_/Y
                               16.00          31.29         -15.29  (VIOLATED) 

   iso_net_sdp_n2mcif_rd_req_pd_13_
                               16.00          31.22         -15.22  (VIOLATED) 
     PIN : iso_buf_sdp_n2mcif_rd_req_pd_13_/Y
                               16.00          31.22         -15.22  (VIOLATED) 

   iso_net_sdp_n2mcif_rd_req_pd_21_
                               16.00          30.96         -14.96  (VIOLATED) 
     PIN : iso_buf_sdp_n2mcif_rd_req_pd_21_/Y
                               16.00          30.96         -14.96  (VIOLATED) 

   iso_net_sdp_n2mcif_rd_req_pd_29_
                               16.00          30.91         -14.91  (VIOLATED) 
     PIN : iso_buf_sdp_n2mcif_rd_req_pd_29_/Y
                               16.00          30.91         -14.91  (VIOLATED) 

   iso_net_sdp_n2mcif_rd_req_pd_19_
                               16.00          30.88         -14.88  (VIOLATED) 
     PIN : iso_buf_sdp_n2mcif_rd_req_pd_19_/Y
                               16.00          30.88         -14.88  (VIOLATED) 

   iso_net_sdp_n2mcif_rd_req_pd_36_
                               16.00          30.86         -14.86  (VIOLATED) 
     PIN : iso_buf_sdp_n2mcif_rd_req_pd_36_/Y
                               16.00          30.86         -14.86  (VIOLATED) 

   iso_net_sdp_n2mcif_rd_req_pd_14_
                               16.00          30.74         -14.74  (VIOLATED) 
     PIN : iso_buf_sdp_n2mcif_rd_req_pd_14_/Y
                               16.00          30.74         -14.74  (VIOLATED) 

   iso_net_sdp_n2mcif_rd_req_pd_6_
                               16.00          30.55         -14.55  (VIOLATED) 
     PIN : iso_buf_sdp_n2mcif_rd_req_pd_6_/Y
                               16.00          30.55         -14.55  (VIOLATED) 

   PLACE_ZBUF_323              32.00          46.27         -14.27  (VIOLATED) 
     PIN : PLACE_ZBUF_inst_53152/Y
                               32.00          46.27         -14.27  (VIOLATED) 

   iso_net_sdp_n2mcif_rd_req_pd_4_
                               16.00          30.26         -14.26  (VIOLATED) 
     PIN : iso_buf_sdp_n2mcif_rd_req_pd_4_/Y
                               16.00          30.26         -14.26  (VIOLATED) 

   iso_net_sdp_n2mcif_rd_req_pd_37_
                               16.00          30.23         -14.23  (VIOLATED) 
     PIN : iso_buf_sdp_n2mcif_rd_req_pd_37_/Y
                               16.00          30.23         -14.23  (VIOLATED) 

   iso_net_sdp_n2mcif_rd_req_pd_11_
                               16.00          30.09         -14.09  (VIOLATED) 
     PIN : iso_buf_sdp_n2mcif_rd_req_pd_11_/Y
                               16.00          30.09         -14.09  (VIOLATED) 

   PLACE_HFSNET_67             32.00          45.91         -13.91  (VIOLATED) 
     PIN : PLACE_BUFT_RR_52138/Y
                               32.00          45.91         -13.91  (VIOLATED) 

   PLACE_HFSNET_10911          32.00          45.53         -13.53  (VIOLATED) 
     PIN : PLACE_BUFT_RR_52098/Y
                               32.00          45.53         -13.53  (VIOLATED) 

   PLACE_ZBUF_179              32.00          45.53         -13.53  (VIOLATED) 
     PIN : PLACE_ZBUF_inst_52993/Y
                               32.00          45.53         -13.53  (VIOLATED) 

   PLACE_HFSNET_10940          32.00          45.49         -13.49  (VIOLATED) 
     PIN : PLACE_HFSBUF_170_10969/Y
                               32.00          45.49         -13.49  (VIOLATED) 

   PLACE_ZINV_3                32.00          44.61         -12.61  (VIOLATED) 
     PIN : PLACE_ZINV_inst_52918/Y
                               32.00          44.61         -12.61  (VIOLATED) 

   PLACE_HFSNET_10824          32.00          44.26         -12.26  (VIOLATED) 
     PIN : PLACE_HFSINV_187_10853/Y
                               32.00          44.26         -12.26  (VIOLATED) 

   PLACE_HFSNET_72             32.00          44.04         -12.04  (VIOLATED) 
     PIN : PLACE_BUFT_RR_51963/Y
                               32.00          44.04         -12.04  (VIOLATED) 

   PLACE_HFSNET_10836          32.00          43.62         -11.62  (VIOLATED) 
     PIN : PLACE_HFSINV_172_10865/Y
                               32.00          43.62         -11.62  (VIOLATED) 

   mcif2sdp_rd_rsp_pd[61]      16.00          27.28         -11.28  (VIOLATED) 
     PIN : iso_buf_mcif2sdp_rd_rsp_pd_61_/Y
                               16.00          27.28         -11.28  (VIOLATED) 

   PLACE_HFSNET_871            32.00          43.19         -11.19  (VIOLATED) 
     PIN : PLACE_HFSBUF_102_900/Y
                               32.00          43.19         -11.19  (VIOLATED) 

   PLACE_HFSNET_10981          32.00          43.12         -11.12  (VIOLATED) 
     PIN : PLACE_BUFT_RR_52170/Y
                               32.00          43.12         -11.12  (VIOLATED) 

   mcif2sdp_rd_rsp_pd[57]      16.00          26.76         -10.76  (VIOLATED) 
     PIN : iso_buf_mcif2sdp_rd_rsp_pd_57_/Y
                               16.00          26.76         -10.76  (VIOLATED) 

   PLACE_HFSNET_877            32.00          42.43         -10.43  (VIOLATED) 
     PIN : PLACE_BUFT_RR_51580/Y
                               32.00          42.43         -10.43  (VIOLATED) 

   PLACE_ZBUF_153              32.00          42.28         -10.28  (VIOLATED) 
     PIN : PLACE_ZBUF_inst_53315/Y
                               32.00          42.28         -10.28  (VIOLATED) 

   PLACE_HFSNET_22321          32.00          42.14         -10.14  (VIOLATED) 
     PIN : PLACE_BUFT_RR_52270/Y
                               32.00          42.14         -10.14  (VIOLATED) 

   PLACE_HFSNET_325            32.00          42.12         -10.12  (VIOLATED) 
     PIN : PLACE_BUFT_RR_51564/Y
                               32.00          42.12         -10.12  (VIOLATED) 

   PLACE_HFSNET_95             32.00          41.95          -9.95  (VIOLATED) 
     PIN : PLACE_BUFT_RR_51886/Y
                               32.00          41.95          -9.95  (VIOLATED) 

   PLACE_HFSNET_11017          32.00          41.87          -9.87  (VIOLATED) 
     PIN : PLACE_HFSBUF_186_11046/Y
                               32.00          41.87          -9.87  (VIOLATED) 

   mcif2sdp_rd_rsp_pd[40]      16.00          25.83          -9.83  (VIOLATED) 
     PIN : iso_buf_mcif2sdp_rd_rsp_pd_40_/Y
                               16.00          25.83          -9.83  (VIOLATED) 

   mcif2sdp_rd_rsp_pd[42]      16.00          25.80          -9.80  (VIOLATED) 
     PIN : iso_buf_mcif2sdp_rd_rsp_pd_42_/Y
                               16.00          25.80          -9.80  (VIOLATED) 

   PLACE_ZBUF_159              32.00          41.75          -9.75  (VIOLATED) 
     PIN : PLACE_ZBUF_inst_53318/Y
                               32.00          41.75          -9.75  (VIOLATED) 

   PLACE_HFSNET_2616           32.00          41.75          -9.75  (VIOLATED) 
     PIN : PLACE_HFSBUF_112724_2645/Y
                               32.00          41.75          -9.75  (VIOLATED) 

   PLACE_ZINV_22               32.00          41.62          -9.62  (VIOLATED) 
     PIN : PLACE_ZINV_inst_53406/Y
                               32.00          41.62          -9.62  (VIOLATED) 

   PLACE_ZBUF_274              32.00          41.32          -9.32  (VIOLATED) 
     PIN : PLACE_ZBUF_inst_53101/Y
                               32.00          41.32          -9.32  (VIOLATED) 

   mcif2sdp_rd_rsp_pd[51]      16.00          25.18          -9.18  (VIOLATED) 
     PIN : iso_buf_mcif2sdp_rd_rsp_pd_51_/Y
                               16.00          25.18          -9.18  (VIOLATED) 

   iso_net_sdp_n2mcif_rd_req_pd_22_
                               16.00          25.16          -9.16  (VIOLATED) 
     PIN : iso_buf_sdp_n2mcif_rd_req_pd_22_/Y
                               16.00          25.16          -9.16  (VIOLATED) 

   mcif2sdp_rd_rsp_pd[53]      16.00          25.06          -9.06  (VIOLATED) 
     PIN : iso_buf_mcif2sdp_rd_rsp_pd_53_/Y
                               16.00          25.06          -9.06  (VIOLATED) 

   iso_net_sdp_n2mcif_rd_req_pd_24_
                               16.00          24.61          -8.61  (VIOLATED) 
     PIN : iso_buf_sdp_n2mcif_rd_req_pd_24_/Y
                               16.00          24.61          -8.61  (VIOLATED) 

   mcif2sdp_rd_rsp_pd[52]      16.00          24.52          -8.52  (VIOLATED) 
     PIN : iso_buf_mcif2sdp_rd_rsp_pd_52_/Y
                               16.00          24.52          -8.52  (VIOLATED) 

   mcif2sdp_rd_rsp_pd[48]      16.00          24.34          -8.34  (VIOLATED) 
     PIN : iso_buf_mcif2sdp_rd_rsp_pd_48_/Y
                               16.00          24.34          -8.34  (VIOLATED) 

   PLACE_HFSNET_15100          32.00          40.12          -8.12  (VIOLATED) 
     PIN : PLACE_HFSBUF_133_15129/Y
                               32.00          40.12          -8.12  (VIOLATED) 

   PLACE_ZBUF_394              32.00          40.05          -8.05  (VIOLATED) 
     PIN : PLACE_ZBUF_inst_53233/Y
                               32.00          40.05          -8.05  (VIOLATED) 

   net_net_17160               16.00          23.91          -7.91  (VIOLATED) 
     PIN : iso_buf_sdp_n2mcif_rd_req_pd_26_/Y
                               16.00          23.91          -7.91  (VIOLATED) 

   PLACE_HFSNET_10799          32.00          39.83          -7.83  (VIOLATED) 
     PIN : PLACE_BUFT_RR_52090/Y
                               32.00          39.83          -7.83  (VIOLATED) 

   net_net_27923               32.00          39.79          -7.79  (VIOLATED) 
     PIN : PLACE_HFSINV_322_257/Y
                               32.00          39.79          -7.79  (VIOLATED) 

   PLACE_ZBUF_393              32.00          39.75          -7.75  (VIOLATED) 
     PIN : PLACE_ZBUF_inst_53232/Y
                               32.00          39.75          -7.75  (VIOLATED) 

   PLACE_ZBUF_184              32.00          39.74          -7.74  (VIOLATED) 
     PIN : PLACE_ZBUF_inst_53327/Y
                               32.00          39.74          -7.74  (VIOLATED) 

   PLACE_ZBUF_398              32.00          39.46          -7.46  (VIOLATED) 
     PIN : PLACE_ZBUF_inst_53237/Y
                               32.00          39.46          -7.46  (VIOLATED) 

   PLACE_ZBUF_396              32.00          39.44          -7.44  (VIOLATED) 
     PIN : PLACE_ZBUF_inst_53235/Y
                               32.00          39.44          -7.44  (VIOLATED) 

   iso_net_sdp_n2mcif_rd_req_pd_23_
                               16.00          23.39          -7.39  (VIOLATED) 
     PIN : iso_buf_sdp_n2mcif_rd_req_pd_23_/Y
                               16.00          23.39          -7.39  (VIOLATED) 

   PLACE_ZBUF_292              32.00          39.25          -7.25  (VIOLATED) 
     PIN : PLACE_ZBUF_inst_53119/Y
                               32.00          39.25          -7.25  (VIOLATED) 

   PLACE_ZINV_34               32.00          39.24          -7.24  (VIOLATED) 
     PIN : PLACE_ZINV_inst_53239/Y
                               32.00          39.24          -7.24  (VIOLATED) 

   PLACE_HFSNET_206            32.00          39.22          -7.22  (VIOLATED) 
     PIN : PLACE_BUFT_RR_52113/Y
                               32.00          39.22          -7.22  (VIOLATED) 

   PLACE_ZBUF_395              32.00          39.08          -7.08  (VIOLATED) 
     PIN : PLACE_ZBUF_inst_53234/Y
                               32.00          39.08          -7.08  (VIOLATED) 

   PLACE_ZBUF_397              32.00          39.07          -7.07  (VIOLATED) 
     PIN : PLACE_ZBUF_inst_53236/Y
                               32.00          39.07          -7.07  (VIOLATED) 

   PLACE_ZBUF_142              32.00          39.03          -7.03  (VIOLATED) 
     PIN : PLACE_ZBUF_inst_52950/Y
                               32.00          39.03          -7.03  (VIOLATED) 

   net_net_17168               16.00          22.76          -6.76  (VIOLATED) 
     PIN : iso_buf_sdp_n2mcif_rd_req_pd_7_/Y
                               16.00          22.76          -6.76  (VIOLATED) 

   iso_net_sdp_n2mcif_rd_req_pd_30_
                               16.00          22.69          -6.69  (VIOLATED) 
     PIN : iso_buf_sdp_n2mcif_rd_req_pd_30_/Y
                               16.00          22.69          -6.69  (VIOLATED) 

   PLACE_ZBUF_399              32.00          38.68          -6.68  (VIOLATED) 
     PIN : PLACE_ZBUF_inst_53238/Y
                               32.00          38.68          -6.68  (VIOLATED) 

   PLACE_ZBUF_400              32.00          38.42          -6.42  (VIOLATED) 
     PIN : PLACE_ZBUF_inst_53242/Y
                               32.00          38.42          -6.42  (VIOLATED) 

   PLACE_ZBUF_401              32.00          38.30          -6.30  (VIOLATED) 
     PIN : PLACE_ZBUF_inst_53243/Y
                               32.00          38.30          -6.30  (VIOLATED) 

   PLACE_HFSNET_22281          32.00          38.25          -6.25  (VIOLATED) 
     PIN : PLACE_BUFT_RR_52267/Y
                               32.00          38.25          -6.25  (VIOLATED) 

   PLACE_ZINV_37               32.00          37.68          -5.68  (VIOLATED) 
     PIN : PLACE_ZINV_inst_53244/Y
                               32.00          37.68          -5.68  (VIOLATED) 

   PLACE_ZBUF_140              32.00          37.67          -5.67  (VIOLATED) 
     PIN : PLACE_ZBUF_inst_53308/Y
                               32.00          37.67          -5.67  (VIOLATED) 

   PLACE_ZBUF_402              32.00          37.64          -5.64  (VIOLATED) 
     PIN : PLACE_ZBUF_inst_53247/Y
                               32.00          37.64          -5.64  (VIOLATED) 

   PLACE_HFSNET_15007          32.00          37.47          -5.47  (VIOLATED) 
     PIN : PLACE_HFSBUF_105_15036/Y
                               32.00          37.47          -5.47  (VIOLATED) 

   net_net_16492               16.00          21.28          -5.28  (VIOLATED) 
     PIN : iso_buf_mcif2sdp_rd_rsp_pd_62_/Y
                               16.00          21.28          -5.28  (VIOLATED) 

   PLACE_HFSNET_10803          32.00          36.74          -4.74  (VIOLATED) 
     PIN : PLACE_BINV_RR_52091/Y
                               32.00          36.74          -4.74  (VIOLATED) 

   PLACE_ZBUF_276              32.00          36.59          -4.59  (VIOLATED) 
     PIN : PLACE_ZBUF_inst_53103/Y
                               32.00          36.59          -4.59  (VIOLATED) 

   PLACE_HFSNET_10906          32.00          36.41          -4.41  (VIOLATED) 
     PIN : PLACE_BUFT_RR_52097/Y
                               32.00          36.41          -4.41  (VIOLATED) 

   PLACE_ZBUF_289              32.00          36.05          -4.05  (VIOLATED) 
     PIN : PLACE_ZBUF_inst_53116/Y
                               32.00          36.05          -4.05  (VIOLATED) 

   BUF_net_20596               32.00          35.41          -3.41  (VIOLATED) 
     PIN : PLACE_BINV_R_44704/Y
                               32.00          35.41          -3.41  (VIOLATED) 

   net_net_16487               16.00          19.26          -3.26  (VIOLATED) 
     PIN : iso_buf_sdp_n2mcif_rd_req_pd_27_/Y
                               16.00          19.26          -3.26  (VIOLATED) 

   BUF_net_19578               32.00          35.19          -3.19  (VIOLATED) 
     PIN : PLACE_BINV_R_43686/Y
                               32.00          35.19          -3.19  (VIOLATED) 

   BUF_net_19078               32.00          35.08          -3.08  (VIOLATED) 
     PIN : PLACE_BINV_R_43186/Y
                               32.00          35.08          -3.08  (VIOLATED) 

   BUF_net_21011               32.00          35.03          -3.03  (VIOLATED) 
     PIN : PLACE_BINV_R_45119/Y
                               32.00          35.03          -3.03  (VIOLATED) 

   BUF_net_19476               32.00          34.87          -2.87  (VIOLATED) 
     PIN : PLACE_BINV_R_43584/Y
                               32.00          34.87          -2.87  (VIOLATED) 

   BUF_net_20140               32.00          34.73          -2.73  (VIOLATED) 
     PIN : PLACE_BINV_R_44248/Y
                               32.00          34.73          -2.73  (VIOLATED) 

   BUF_net_20863               32.00          34.60          -2.60  (VIOLATED) 
     PIN : PLACE_BINV_R_44971/Y
                               32.00          34.60          -2.60  (VIOLATED) 

   PLACE_ZBUF_222              32.00          34.52          -2.52  (VIOLATED) 
     PIN : PLACE_ZBUF_inst_53355/Y
                               32.00          34.52          -2.52  (VIOLATED) 

   BUF_net_19032               32.00          34.29          -2.29  (VIOLATED) 
     PIN : PLACE_BINV_R_43140/Y
                               32.00          34.29          -2.29  (VIOLATED) 

   BUF_net_19055               32.00          34.28          -2.28  (VIOLATED) 
     PIN : PLACE_BINV_R_43163/Y
                               32.00          34.28          -2.28  (VIOLATED) 

   BUF_net_20904               32.00          34.17          -2.17  (VIOLATED) 
     PIN : PLACE_BINV_R_45012/Y
                               32.00          34.17          -2.17  (VIOLATED) 

   BUF_net_19643               32.00          34.14          -2.14  (VIOLATED) 
     PIN : PLACE_BINV_R_43751/Y
                               32.00          34.14          -2.14  (VIOLATED) 

   BUF_net_18100               32.00          34.09          -2.09  (VIOLATED) 
     PIN : PLACE_BINV_R_42208/Y
                               32.00          34.09          -2.09  (VIOLATED) 

   iso_net_sdp_n2mcif_rd_req_pd_39_
                               16.00          18.03          -2.03  (VIOLATED) 
     PIN : iso_buf_sdp_n2mcif_rd_req_pd_39_/Y
                               16.00          18.03          -2.03  (VIOLATED) 

   BUF_net_21131               32.00          33.97          -1.97  (VIOLATED) 
     PIN : PLACE_BINV_R_45239/Y
                               32.00          33.97          -1.97  (VIOLATED) 

   BUF_net_21192               32.00          33.90          -1.90  (VIOLATED) 
     PIN : PLACE_BINV_R_45300/Y
                               32.00          33.90          -1.90  (VIOLATED) 

   BUF_net_20917               32.00          33.87          -1.87  (VIOLATED) 
     PIN : PLACE_BINV_R_45025/Y
                               32.00          33.87          -1.87  (VIOLATED) 

   BUF_net_21140               32.00          33.80          -1.80  (VIOLATED) 
     PIN : PLACE_BINV_R_45248/Y
                               32.00          33.80          -1.80  (VIOLATED) 

   BUF_net_20637               32.00          33.59          -1.59  (VIOLATED) 
     PIN : PLACE_BINV_R_44745/Y
                               32.00          33.59          -1.59  (VIOLATED) 

   BUF_net_18729               32.00          33.55          -1.55  (VIOLATED) 
     PIN : PLACE_BINV_R_42837/Y
                               32.00          33.55          -1.55  (VIOLATED) 

   PLACE_ZBUF_384              32.00          33.52          -1.52  (VIOLATED) 
     PIN : PLACE_ZBUF_inst_53220/Y
                               32.00          33.52          -1.52  (VIOLATED) 

   BUF_net_19577               32.00          33.50          -1.50  (VIOLATED) 
     PIN : PLACE_BINV_R_43685/Y
                               32.00          33.50          -1.50  (VIOLATED) 

   net_net_17295               32.00          33.37          -1.37  (VIOLATED) 
     PIN : PLACE_BUFT_RR_49814/Y
                               32.00          33.37          -1.37  (VIOLATED) 

   BUF_net_20291               32.00          33.36          -1.36  (VIOLATED) 
     PIN : PLACE_BINV_R_44399/Y
                               32.00          33.36          -1.36  (VIOLATED) 

   BUF_net_7122                32.00          33.26          -1.26  (VIOLATED) 
     PIN : PLACE_BINV_R_31230/Y
                               32.00          33.26          -1.26  (VIOLATED) 

   BUF_net_18648               32.00          33.24          -1.24  (VIOLATED) 
     PIN : PLACE_BINV_R_42756/Y
                               32.00          33.24          -1.24  (VIOLATED) 

   BUF_net_18665               32.00          33.11          -1.11  (VIOLATED) 
     PIN : PLACE_BINV_R_42773/Y
                               32.00          33.11          -1.11  (VIOLATED) 

   PLACE_HFSNET_22941          32.00          32.85          -0.85  (VIOLATED) 
     PIN : PLACE_HFSBUF_65_22970/Y
                               32.00          32.85          -0.85  (VIOLATED) 

   PLACE_HFSNET_11004          32.00          32.76          -0.76  (VIOLATED) 
     PIN : PLACE_HFSINV_194_11033/Y
                               32.00          32.76          -0.76  (VIOLATED) 

   BUF_net_10966               32.00          32.73          -0.73  (VIOLATED) 
     PIN : PLACE_BINV_R_35074/Y
                               32.00          32.73          -0.73  (VIOLATED) 

   PLACE_ZBUF_175              32.00          32.69          -0.69  (VIOLATED) 
     PIN : PLACE_ZBUF_inst_52987/Y
                               32.00          32.69          -0.69  (VIOLATED) 

   BUF_net_1477                32.00          32.55          -0.55  (VIOLATED) 
     PIN : PLACE_BINV_R_25585/Y
                               32.00          32.55          -0.55  (VIOLATED) 

   iso_net_sdp_n2mcif_rd_req_pd_41_
                               16.00          16.50          -0.50  (VIOLATED) 
     PIN : iso_buf_sdp_n2mcif_rd_req_pd_41_/Y
                               16.00          16.50          -0.50  (VIOLATED) 

   BUF_net_18138               32.00          32.47          -0.47  (VIOLATED) 
     PIN : PLACE_BINV_R_42246/Y
                               32.00          32.47          -0.47  (VIOLATED) 

   u_NV_NVDLA_cdp_u_dp_u_NV_NVDLA_CDP_DP_lut_n8443
                               32.00          32.41          -0.41  (VIOLATED) 
     PIN : u_NV_NVDLA_cdp_u_dp_u_NV_NVDLA_CDP_DP_lut_U6041/Y
                               32.00          32.41          -0.41  (VIOLATED) 

   BUF_net_11247               32.00          32.38          -0.38  (VIOLATED) 
     PIN : PLACE_BINV_R_35355/Y
                               32.00          32.38          -0.38  (VIOLATED) 

   PLACE_HFSNET_679            32.00          32.37          -0.37  (VIOLATED) 
     PIN : PLACE_HFSBUF_32_708/Y
                               32.00          32.37          -0.37  (VIOLATED) 

   BUF_net_12308               32.00          32.33          -0.33  (VIOLATED) 
     PIN : PLACE_BINV_R_36416/Y
                               32.00          32.33          -0.33  (VIOLATED) 

   iso_net_mcif2sdp_rd_rsp_pd_31_
                               16.00          16.31          -0.31  (VIOLATED) 
     PIN : PLACE_BINV_RR_27847/Y
                               16.00          16.31          -0.31  (VIOLATED) 

   iso_net_mcif2sdp_rd_rsp_pd_35_
                               16.00          16.28          -0.28  (VIOLATED) 
     PIN : PLACE_BINV_RR_27855/Y
                               16.00          16.28          -0.28  (VIOLATED) 

   BUF_net_13521               32.00          32.27          -0.27  (VIOLATED) 
     PIN : PLACE_BINV_R_37629/Y
                               32.00          32.27          -0.27  (VIOLATED) 

   PLACE_HFSNET_9979           32.00          32.26          -0.26  (VIOLATED) 
     PIN : PLACE_HFSBUF_95_10008/Y
                               32.00          32.26          -0.26  (VIOLATED) 

   BUF_net_11315                8.00           8.25          -0.25  (VIOLATED) 
     PIN : PLACE_BINV_R_35423/Y
                                8.00           8.25          -0.25  (VIOLATED) 

   BUF_net_11243               32.00          32.23          -0.23  (VIOLATED) 
     PIN : PLACE_BINV_R_35351/Y
                               32.00          32.23          -0.23  (VIOLATED) 

   net_net_15141               32.00          32.18          -0.18  (VIOLATED) 
     PIN : PLACE_HFSINV_125_1010/Y
                               32.00          32.18          -0.18  (VIOLATED) 

   u_NV_NVDLA_cdp_u_dp_u_NV_NVDLA_CDP_DP_lut_n14511
                               32.00          32.17          -0.17  (VIOLATED) 
     PIN : u_NV_NVDLA_cdp_u_dp_u_NV_NVDLA_CDP_DP_lut_U13872/Y
                               32.00          32.17          -0.17  (VIOLATED) 

   BUF_net_19751               16.00          16.17          -0.17  (VIOLATED) 
     PIN : PLACE_BINV_R_43859/Y
                               16.00          16.17          -0.17  (VIOLATED) 

   BUF_net_9226                32.00          32.16          -0.16  (VIOLATED) 
     PIN : PLACE_BINV_R_33334/Y
                               32.00          32.16          -0.16  (VIOLATED) 

   BUF_net_16365               16.00          16.16          -0.16  (VIOLATED) 
     PIN : PLACE_BINV_R_40473/Y
                               16.00          16.16          -0.16  (VIOLATED) 

   net_net_17144               16.00          16.15          -0.15  (VIOLATED) 
     PIN : iso_buf_sdp_n2mcif_rd_req_pd_46_/Y
                               16.00          16.15          -0.15  (VIOLATED) 

   u_NV_NVDLA_mcif_u_read_u_ig_u_bpt4_in_pd[32]
                                8.00           8.14          -0.14  (VIOLATED) 
     PIN : u_NV_NVDLA_mcif_u_read_u_ig_u_bpt4_pipe_p2_p2_pipe_data_reg_32_/Q
                                8.00           8.14          -0.14  (VIOLATED) 

   BUF_net_20615               16.00          16.13          -0.13  (VIOLATED) 
     PIN : PLACE_BINV_R_44723/Y
                               16.00          16.13          -0.13  (VIOLATED) 

   BUF_net_14261               32.00          32.13          -0.13  (VIOLATED) 
     PIN : PLACE_BINV_R_38369/Y
                               32.00          32.13          -0.13  (VIOLATED) 

   PLACE_HFSNET_21635           8.00           8.12          -0.12  (VIOLATED) 
     PIN : PLACE_HFSINV_2685_21664/Y
                                8.00           8.12          -0.12  (VIOLATED) 

   net_aps_28403               32.00          32.11          -0.11  (VIOLATED) 
     PIN : PLACE_RLB_52511/Y
                               32.00          32.11          -0.11  (VIOLATED) 

   PLACE_HFSNET_19314          16.00          16.11          -0.11  (VIOLATED) 
     PIN : PLACE_HFSBUF_799_19343/Y
                               16.00          16.11          -0.11  (VIOLATED) 

   BUF_net_10461               16.00          16.11          -0.11  (VIOLATED) 
     PIN : PLACE_BINV_R_34569/Y
                               16.00          16.11          -0.11  (VIOLATED) 

   u_NV_NVDLA_mcif_u_read_u_ig_u_bpt3_in_vld
                                8.00           8.11          -0.11  (VIOLATED) 
     PIN : u_NV_NVDLA_mcif_u_read_u_ig_u_bpt3_pipe_p2_p2_pipe_valid_reg/Q
                                8.00           8.11          -0.11  (VIOLATED) 

   u_NV_NVDLA_pdp_u_core_u_cal2d_n4450
                               16.00          16.11          -0.11  (VIOLATED) 
     PIN : U2593/Y             16.00          16.11          -0.11  (VIOLATED) 

   net_net_22195               16.00          16.10          -0.10  (VIOLATED) 
     PIN : u_NV_NVDLA_mcif_u_write_u_ig_u_arb_U119/Y
                               16.00          16.10          -0.10  (VIOLATED) 

   PLACE_HFSNET_18669          16.00          16.10          -0.10  (VIOLATED) 
     PIN : PLACE_HFSBUF_268_18698/Y
                               16.00          16.10          -0.10  (VIOLATED) 

   BUF_net_21288                8.00           8.10          -0.10  (VIOLATED) 
     PIN : PLACE_BINV_R_45396/Y
                                8.00           8.10          -0.10  (VIOLATED) 

   u_NV_NVDLA_cdp_u_dp_u_NV_NVDLA_CDP_DP_lut_n1831
                               16.00          16.10          -0.10  (VIOLATED) 
     PIN : u_NV_NVDLA_cdp_u_dp_u_NV_NVDLA_CDP_DP_lut_U2368/Y
                               16.00          16.10          -0.10  (VIOLATED) 

   PLACE_HFSNET_4658            8.00           8.10          -0.10  (VIOLATED) 
     PIN : PLACE_HFSINV_495_4687/Y
                                8.00           8.10          -0.10  (VIOLATED) 

   u_NV_NVDLA_pdp_u_core_u_cal1d_unit1d_6_n267
                                8.00           8.10          -0.10  (VIOLATED) 
     PIN : u_NV_NVDLA_pdp_u_core_u_cal1d_unit1d_6_U360/Y
                                8.00           8.10          -0.10  (VIOLATED) 

   PLACE_HFSNET_6642            8.00           8.10          -0.10  (VIOLATED) 
     PIN : PLACE_HFSINV_596_6671/Y
                                8.00           8.10          -0.10  (VIOLATED) 

   u_NV_NVDLA_pdp_u_core_u_cal1d_unit1d_5_n407
                               16.00          16.10          -0.10  (VIOLATED) 
     PIN : u_NV_NVDLA_pdp_u_core_u_cal1d_unit1d_5_U588/Y
                               16.00          16.10          -0.10  (VIOLATED) 

   u_NV_NVDLA_csb_master_pdp_rdma_resp_pd[33]
                                8.00           8.10          -0.10  (VIOLATED) 
     PIN : u_NV_NVDLA_csb_master_pdp_rdma_resp_pd_reg_33_/Q
                                8.00           8.10          -0.10  (VIOLATED) 

   BUF_net_10743               16.00          16.10          -0.10  (VIOLATED) 
     PIN : PLACE_BINV_R_34851/Y
                               16.00          16.10          -0.10  (VIOLATED) 

   BUF_net_9238                32.00          32.10          -0.10  (VIOLATED) 
     PIN : PLACE_BINV_R_33346/Y
                               32.00          32.10          -0.10  (VIOLATED) 

   u_NV_NVDLA_cdp_u_dp_u_NV_NVDLA_CDP_DP_lut_density_reg144[10]
                                8.00           8.10          -0.10  (VIOLATED) 
     PIN : u_NV_NVDLA_cdp_u_dp_u_NV_NVDLA_CDP_DP_lut_density_reg144_reg_10_/Q
                                8.00           8.10          -0.10  (VIOLATED) 

   BUF_net_18128                8.00           8.10          -0.10  (VIOLATED) 
     PIN : PLACE_BINV_R_42236/Y
                                8.00           8.10          -0.10  (VIOLATED) 

   BUF_net_21942               16.00          16.10          -0.10  (VIOLATED) 
     PIN : PLACE_BUFT_P_46050/Y
                               16.00          16.10          -0.10  (VIOLATED) 

   u_NV_NVDLA_mcif_u_read_u_ig_u_arb_pipe_p1_4_p1_pipe_data[9]
                                8.00           8.10          -0.10  (VIOLATED) 
     PIN : u_NV_NVDLA_mcif_u_read_u_ig_u_arb_pipe_p1_4_p1_pipe_data_reg_9_/Q
                                8.00           8.10          -0.10  (VIOLATED) 

   PLACE_HFSNET_9916           16.00          16.10          -0.10  (VIOLATED) 
     PIN : PLACE_HFSBUF_1203_9945/Y
                               16.00          16.10          -0.10  (VIOLATED) 

   u_NV_NVDLA_pdp_u_core_u_cal2d_mem_re_2d[1]
                               16.00          16.10          -0.10  (VIOLATED) 
     PIN : u_NV_NVDLA_pdp_u_core_u_cal2d_mem_re_2d_reg_1_/Q
                               16.00          16.10          -0.10  (VIOLATED) 

   PLACE_HFSNET_4789            8.00           8.10          -0.10  (VIOLATED) 
     PIN : PLACE_HFSINV_229_4818/Y
                                8.00           8.10          -0.10  (VIOLATED) 

   PLACE_HFSNET_10456          32.00          32.10          -0.10  (VIOLATED) 
     PIN : PLACE_HFSBUF_479_10485/Y
                               32.00          32.10          -0.10  (VIOLATED) 

   PLACE_HFSNET_6775            8.00           8.09          -0.09  (VIOLATED) 
     PIN : PLACE_HFSINV_240_6804/Y
                                8.00           8.09          -0.09  (VIOLATED) 

   u_NV_NVDLA_cdp_u_dp_u_NV_NVDLA_CDP_DP_lut_density_reg216[7]
                                8.00           8.09          -0.09  (VIOLATED) 
     PIN : u_NV_NVDLA_cdp_u_dp_u_NV_NVDLA_CDP_DP_lut_density_reg216_reg_7_/Q
                                8.00           8.09          -0.09  (VIOLATED) 

   u_NV_NVDLA_cdp_u_wdma_u_dat0_fifo7_n12
                                8.00           8.09          -0.09  (VIOLATED) 
     PIN : U2181/Y              8.00           8.09          -0.09  (VIOLATED) 

   u_NV_NVDLA_cdp_u_dp_u_NV_NVDLA_CDP_DP_lut_density_reg55[15]
                                8.00           8.09          -0.09  (VIOLATED) 
     PIN : u_NV_NVDLA_cdp_u_dp_u_NV_NVDLA_CDP_DP_lut_density_reg55_reg_15_/Q
                                8.00           8.09          -0.09  (VIOLATED) 

   u_NV_NVDLA_mcif_u_write_u_ig_u_bpt0_u_dfifo_dfifo_rd_pd_p[37]
                                8.00           8.09          -0.09  (VIOLATED) 
     PIN : u_NV_NVDLA_mcif_u_write_u_ig_u_bpt0_u_dfifo_ram_U46/Y
                                8.00           8.09          -0.09  (VIOLATED) 

   u_NV_NVDLA_pdp_u_core_u_cal1d_unit1d_2_n318
                                8.00           8.09          -0.09  (VIOLATED) 
     PIN : u_NV_NVDLA_pdp_u_core_u_cal1d_unit1d_2_U388/Y
                                8.00           8.09          -0.09  (VIOLATED) 

   u_NV_NVDLA_mcif_u_read_u_ig_u_bpt5_in_pd_p[23]
                               16.00          16.09          -0.09  (VIOLATED) 
     PIN : u_NV_NVDLA_mcif_u_read_u_ig_u_bpt5_pipe_p1_U32/Y
                               16.00          16.09          -0.09  (VIOLATED) 

   PLACE_HFSNET_22542          16.00          16.09          -0.09  (VIOLATED) 
     PIN : PLACE_HFSBUF_315_22571/Y
                               16.00          16.09          -0.09  (VIOLATED) 

   u_NV_NVDLA_pdp_u_core_u_preproc_n378
                               16.00          16.09          -0.09  (VIOLATED) 
     PIN : u_NV_NVDLA_pdp_u_core_u_preproc_U94/Y
                               16.00          16.09          -0.09  (VIOLATED) 

   BUF_net_22813               16.00          16.09          -0.09  (VIOLATED) 
     PIN : PLACE_BINV_R_46921/Y
                               16.00          16.09          -0.09  (VIOLATED) 

   PLACE_HFSNET_11751           8.00           8.09          -0.09  (VIOLATED) 
     PIN : PLACE_HFSINV_979_11780/Y
                                8.00           8.09          -0.09  (VIOLATED) 

   PLACE_HFSNET_8488            8.00           8.09          -0.09  (VIOLATED) 
     PIN : PLACE_HFSINV_2499_8517/Y
                                8.00           8.09          -0.09  (VIOLATED) 

   u_NV_NVDLA_cdp_u_rdma_u_cq_cq_wr_count[0]
                                8.00           8.09          -0.09  (VIOLATED) 
     PIN : u_NV_NVDLA_cdp_u_rdma_u_cq_cq_wr_count_reg_0_/Q
                                8.00           8.09          -0.09  (VIOLATED) 

   BUF_net_9462                16.00          16.09          -0.09  (VIOLATED) 
     PIN : PLACE_BINV_R_33570/Y
                               16.00          16.09          -0.09  (VIOLATED) 

   u_NV_NVDLA_pdp_u_core_u_cal2d_mem_data6[6]
                                8.00           8.09          -0.09  (VIOLATED) 
     PIN : u_NV_NVDLA_pdp_u_core_u_cal2d_mem_data6_reg_6_/Q
                                8.00           8.09          -0.09  (VIOLATED) 

   BUF_net_20417               16.00          16.09          -0.09  (VIOLATED) 
     PIN : PLACE_BINV_R_44525/Y
                               16.00          16.09          -0.09  (VIOLATED) 

   u_NV_NVDLA_pdp_u_rdma_u_eg_NV_NVDLA_PDP_RDMA_rdrsp_pipe_skid_mcif_rd_rsp_pd[25]
                                8.00           8.09          -0.09  (VIOLATED) 
     PIN : u_NV_NVDLA_pdp_u_rdma_u_eg_NV_NVDLA_PDP_RDMA_rdrsp_pipe_skid_mcif_rd_rsp_pd_reg_25_/Q
                                8.00           8.09          -0.09  (VIOLATED) 

   csb2cdp_req_pd[38]           8.00           8.09          -0.09  (VIOLATED) 
     PIN : u_NV_NVDLA_csb_master_csb2cdp_req_pd_tmp_reg_32_/Q
                                8.00           8.09          -0.09  (VIOLATED) 

   BUF_net_24100                8.00           8.09          -0.09  (VIOLATED) 
     PIN : PLACE_BINV_R_48208/Y
                                8.00           8.09          -0.09  (VIOLATED) 

   PLACE_HFSNET_1163            8.00           8.09          -0.09  (VIOLATED) 
     PIN : PLACE_HFSINV_208_1192/Y
                                8.00           8.09          -0.09  (VIOLATED) 

   BUF_net_23665                8.00           8.09          -0.09  (VIOLATED) 
     PIN : PLACE_BINV_R_47773/Y
                                8.00           8.09          -0.09  (VIOLATED) 

   u_NV_NVDLA_mcif_u_read_u_ig_bpt2arb_req6_ready
                               32.00          32.09          -0.09  (VIOLATED) 
     PIN : u_NV_NVDLA_mcif_u_read_u_ig_u_arb_pipe_p1_6_U10/Y
                               32.00          32.09          -0.09  (VIOLATED) 

   PLACE_HFSNET_915            16.00          16.08          -0.08  (VIOLATED) 
     PIN : PLACE_HFSBUF_58_944/Y
                               16.00          16.08          -0.08  (VIOLATED) 

   BUF_net_19148               16.00          16.08          -0.08  (VIOLATED) 
     PIN : PLACE_BINV_R_43256/Y
                               16.00          16.08          -0.08  (VIOLATED) 

   u_NV_NVDLA_cdp_u_dp_u_NV_NVDLA_CDP_DP_sum_n464
                               16.00          16.08          -0.08  (VIOLATED) 
     PIN : u_NV_NVDLA_cdp_u_dp_u_NV_NVDLA_CDP_DP_sum_U251/Y
                               16.00          16.08          -0.08  (VIOLATED) 

   u_NV_NVDLA_pdp_u_core_u_cal1d_unit1d_4_pipe_dp_4[32]
                               16.00          16.08          -0.08  (VIOLATED) 
     PIN : u_NV_NVDLA_pdp_u_core_u_cal1d_unit1d_4_pipe_dp_4_reg_32_/Q
                               16.00          16.08          -0.08  (VIOLATED) 

   PLACE_HFSNET_17045          16.00          16.08          -0.08  (VIOLATED) 
     PIN : PLACE_HFSINV_271_17074/Y
                               16.00          16.08          -0.08  (VIOLATED) 

   net_net_6800                16.00          16.08          -0.08  (VIOLATED) 
     PIN : u_NV_NVDLA_mcif_u_read_u_eg_U587/Y
                               16.00          16.08          -0.08  (VIOLATED) 

   BUF_net_11468               16.00          16.08          -0.08  (VIOLATED) 
     PIN : PLACE_BINV_R_35576/Y
                               16.00          16.08          -0.08  (VIOLATED) 

   u_NV_NVDLA_mcif_u_read_u_ig_u_bpt0_pipe_p1_n105
                               16.00          16.08          -0.08  (VIOLATED) 
     PIN : u_NV_NVDLA_mcif_u_read_u_ig_u_bpt0_pipe_p1_p1_skid_ready_flop_reg/QN
                               16.00          16.08          -0.08  (VIOLATED) 

   u_NV_NVDLA_pdp_u_core_u_cal1d_unit1d_3_n308
                               16.00          16.08          -0.08  (VIOLATED) 
     PIN : u_NV_NVDLA_pdp_u_core_u_cal1d_unit1d_3_U8/Y
                               16.00          16.08          -0.08  (VIOLATED) 

   BUF_net_21217               16.00          16.08          -0.08  (VIOLATED) 
     PIN : PLACE_BINV_R_45325/Y
                               16.00          16.08          -0.08  (VIOLATED) 

   BUF_net_15044               16.00          16.08          -0.08  (VIOLATED) 
     PIN : PLACE_BINV_R_39152/Y
                               16.00          16.08          -0.08  (VIOLATED) 

   PLACE_HFSNET_2355           16.00          16.08          -0.08  (VIOLATED) 
     PIN : PLACE_HFSINV_286_2384/Y
                               16.00          16.08          -0.08  (VIOLATED) 

   PLACE_HFSNET_2818           16.00          16.08          -0.08  (VIOLATED) 
     PIN : PLACE_HFSINV_143888_2847/Y
                               16.00          16.08          -0.08  (VIOLATED) 

   PLACE_HFSNET_8529            8.00           8.08          -0.08  (VIOLATED) 
     PIN : PLACE_HFSINV_3012_8558/Y
                                8.00           8.08          -0.08  (VIOLATED) 

   PLACE_HFSNET_22532          16.00          16.08          -0.08  (VIOLATED) 
     PIN : PLACE_HFSINV_435_p_22561/Y
                               16.00          16.08          -0.08  (VIOLATED) 

   PLACE_HFSNET_5876            8.00           8.08          -0.08  (VIOLATED) 
     PIN : PLACE_HFSINV_643_5905/Y
                                8.00           8.08          -0.08  (VIOLATED) 

   PLACE_HFSNET_13557          16.00          16.08          -0.08  (VIOLATED) 
     PIN : PLACE_HFSINV_2310_13586/Y
                               16.00          16.08          -0.08  (VIOLATED) 

   BUF_net_5925                16.00          16.08          -0.08  (VIOLATED) 
     PIN : PLACE_BINV_R_30033/Y
                               16.00          16.08          -0.08  (VIOLATED) 

   PLACE_HFSNET_22609           8.00           8.08          -0.08  (VIOLATED) 
     PIN : PLACE_HFSINV_1057_22638/Y
                                8.00           8.08          -0.08  (VIOLATED) 

   BUF_net_2818                16.00          16.08          -0.08  (VIOLATED) 
     PIN : PLACE_BINV_R_26926/Y
                               16.00          16.08          -0.08  (VIOLATED) 

   BUF_net_6307                32.00          32.08          -0.08  (VIOLATED) 
     PIN : PLACE_BINV_R_30415/Y
                               32.00          32.08          -0.08  (VIOLATED) 

   u_NV_NVDLA_pdp_u_core_u_cal1d_unit1d_6_pooling_cnt[2]
                                8.00           8.08          -0.08  (VIOLATED) 
     PIN : u_NV_NVDLA_pdp_u_core_u_cal1d_unit1d_6_pooling_cnt_reg_2_/Q
                                8.00           8.08          -0.08  (VIOLATED) 

   u_NV_NVDLA_mcif_u_write_u_ig_u_bpt1_u_dfifo_dfifo_rd_pd_p[35]
                                8.00           8.08          -0.08  (VIOLATED) 
     PIN : u_NV_NVDLA_mcif_u_write_u_ig_u_bpt1_u_dfifo_ram_U44/Y
                                8.00           8.08          -0.08  (VIOLATED) 

   u_NV_NVDLA_glb_sdp_done_set0_trigger
                               16.00          16.08          -0.08  (VIOLATED) 
     PIN : u_NV_NVDLA_glb_u_csb_u_reg_U11/Y
                               16.00          16.08          -0.08  (VIOLATED) 

   u_NV_NVDLA_cdp_reg2dp_dst_surface_stride[29]
                                8.00           8.08          -0.08  (VIOLATED) 
     PIN : u_NV_NVDLA_cdp_u_reg_U104/Y
                                8.00           8.08          -0.08  (VIOLATED) 

   u_NV_NVDLA_pdp_u_core_u_cal2d_int_mem_wdata_5[15]
                                8.00           8.08          -0.08  (VIOLATED) 
     PIN : u_NV_NVDLA_pdp_u_core_u_cal2d_int_mem_wdata_5_reg_15_/Q
                                8.00           8.08          -0.08  (VIOLATED) 

   BUF_net_16620               16.00          16.08          -0.08  (VIOLATED) 
     PIN : PLACE_BINV_R_40728/Y
                               16.00          16.08          -0.08  (VIOLATED) 

   PLACE_HFSNET_15307          16.00          16.08          -0.08  (VIOLATED) 
     PIN : PLACE_HFSBUF_3743_15336/Y
                               16.00          16.08          -0.08  (VIOLATED) 

   u_NV_NVDLA_cdp_u_dp_u_NV_NVDLA_CDP_DP_lut_n7223
                               16.00          16.08          -0.08  (VIOLATED) 
     PIN : u_NV_NVDLA_cdp_u_dp_u_NV_NVDLA_CDP_DP_lut_U7737/Y
                               16.00          16.08          -0.08  (VIOLATED) 

   net_aps_28554               32.00          32.08          -0.08  (VIOLATED) 
     PIN : PLACE_RLB_52662/Y
                               32.00          32.08          -0.08  (VIOLATED) 

   BUF_net_10477               16.00          16.08          -0.08  (VIOLATED) 
     PIN : PLACE_BINV_R_34585/Y
                               16.00          16.08          -0.08  (VIOLATED) 

   BUF_net_4960                16.00          16.08          -0.08  (VIOLATED) 
     PIN : PLACE_BINV_R_29068/Y
                               16.00          16.08          -0.08  (VIOLATED) 

   PLACE_HFSNET_8812           32.00          32.07          -0.07  (VIOLATED) 
     PIN : PLACE_HFSBUF_6563_8841/Y
                               32.00          32.07          -0.07  (VIOLATED) 

   u_NV_NVDLA_cdp_u_reg_reg2dp_d1_dst_surface_stride[7]
                                8.00           8.07          -0.07  (VIOLATED) 
     PIN : u_NV_NVDLA_cdp_u_reg_u_dual_reg_d1_dst_surface_stride_reg_7_/Q
                                8.00           8.07          -0.07  (VIOLATED) 

   PLACE_HFSNET_12810          16.00          16.07          -0.07  (VIOLATED) 
     PIN : PLACE_HFSBUF_732_12839/Y
                               16.00          16.07          -0.07  (VIOLATED) 

   BUF_net_22946               16.00          16.07          -0.07  (VIOLATED) 
     PIN : PLACE_BINV_R_47054/Y
                               16.00          16.07          -0.07  (VIOLATED) 

   u_NV_NVDLA_csb_master_n333
                               16.00          16.07          -0.07  (VIOLATED) 
     PIN : u_NV_NVDLA_csb_master_U416/Y
                               16.00          16.07          -0.07  (VIOLATED) 

   net_net_8532                 8.00           8.07          -0.07  (VIOLATED) 
     PIN : PLACE_BINV_RR_32641/Y
                                8.00           8.07          -0.07  (VIOLATED) 

   u_NV_NVDLA_cdp_u_dp_u_NV_NVDLA_CDP_DP_lut_density_reg55[1]
                                8.00           8.07          -0.07  (VIOLATED) 
     PIN : u_NV_NVDLA_cdp_u_dp_u_NV_NVDLA_CDP_DP_lut_density_reg55_reg_1_/Q
                                8.00           8.07          -0.07  (VIOLATED) 

   PLACE_HFSNET_18923          16.00          16.07          -0.07  (VIOLATED) 
     PIN : PLACE_HFSINV_1240_p_18952/Y
                               16.00          16.07          -0.07  (VIOLATED) 

   BUF_net_7251                16.00          16.07          -0.07  (VIOLATED) 
     PIN : PLACE_BUFT_P_31359/Y
                               16.00          16.07          -0.07  (VIOLATED) 

   u_NV_NVDLA_pdp_u_core_u_cal1d_unit1d_5_n28
                                8.00           8.07          -0.07  (VIOLATED) 
     PIN : u_NV_NVDLA_pdp_u_core_u_cal1d_unit1d_5_U43/Y
                                8.00           8.07          -0.07  (VIOLATED) 

   PLACE_HFSNET_8674           16.00          16.07          -0.07  (VIOLATED) 
     PIN : PLACE_HFSBUF_1442_8703/Y
                               16.00          16.07          -0.07  (VIOLATED) 

   u_NV_NVDLA_cdp_u_dp_u_NV_NVDLA_CDP_DP_lut_density_reg120[8]
                                8.00           8.07          -0.07  (VIOLATED) 
     PIN : u_NV_NVDLA_cdp_u_dp_u_NV_NVDLA_CDP_DP_lut_density_reg120_reg_8_/Q
                                8.00           8.07          -0.07  (VIOLATED) 

   n2040                       16.00          16.07          -0.07  (VIOLATED) 
     PIN : u_NV_NVDLA_cdp_u_dp_u_NV_NVDLA_CDP_DP_cvtout_u_HLS_cdp_ocvt_0_pipe_p2_p2_pipe_data_reg_0_/QN
                               16.00          16.07          -0.07  (VIOLATED) 

   u_NV_NVDLA_pdp_reg2dp_recip_kernel_height[10]
                                8.00           8.07          -0.07  (VIOLATED) 
     PIN : u_NV_NVDLA_pdp_u_reg_U120/Y
                                8.00           8.07          -0.07  (VIOLATED) 

   PLACE_HFSNET_2627           16.00          16.07          -0.07  (VIOLATED) 
     PIN : PLACE_HFSBUF_100720_2656/Y
                               16.00          16.07          -0.07  (VIOLATED) 

   u_NV_NVDLA_cdp_u_dp_u_NV_NVDLA_CDP_DP_lut_density_reg225[11]
                                8.00           8.07          -0.07  (VIOLATED) 
     PIN : u_NV_NVDLA_cdp_u_dp_u_NV_NVDLA_CDP_DP_lut_density_reg225_reg_11_/Q
                                8.00           8.07          -0.07  (VIOLATED) 

   PLACE_HFSNET_10308          16.00          16.07          -0.07  (VIOLATED) 
     PIN : PLACE_HFSINV_4041_10337/Y
                               16.00          16.07          -0.07  (VIOLATED) 

   u_NV_NVDLA_pdp_u_rdma_u_eg_n377
                                8.00           8.07          -0.07  (VIOLATED) 
     PIN : u_NV_NVDLA_pdp_u_rdma_u_eg_U386/Y
                                8.00           8.07          -0.07  (VIOLATED) 

   BUF_net_5448                16.00          16.07          -0.07  (VIOLATED) 
     PIN : PLACE_BINV_R_29556/Y
                               16.00          16.07          -0.07  (VIOLATED) 

   u_NV_NVDLA_mcif_u_write_u_cq_ram_r_nv_ram_rws_256x3_n13
                                8.00           8.07          -0.07  (VIOLATED) 
     PIN : u_NV_NVDLA_mcif_u_write_u_cq_ram_r_nv_ram_rws_256x3_U23/Y
                                8.00           8.07          -0.07  (VIOLATED) 

   PLACE_HFSNET_11624          16.00          16.07          -0.07  (VIOLATED) 
     PIN : PLACE_HFSBUF_592_11653/Y
                               16.00          16.07          -0.07  (VIOLATED) 

   u_NV_NVDLA_pdp_u_core_u_cal1d_unit1d_2_intadd_148_A_2_
                                8.00           8.07          -0.07  (VIOLATED) 
     PIN : u_NV_NVDLA_pdp_u_core_u_cal1d_unit1d_2_U100/Y
                                8.00           8.07          -0.07  (VIOLATED) 

   PLACE_HFSNET_5461            8.00           8.07          -0.07  (VIOLATED) 
     PIN : PLACE_HFSINV_482_5490/Y
                                8.00           8.07          -0.07  (VIOLATED) 

   BUF_net_18927               16.00          16.07          -0.07  (VIOLATED) 
     PIN : PLACE_BINV_R_43035/Y
                               16.00          16.07          -0.07  (VIOLATED) 

   u_NV_NVDLA_mcif_u_read_u_cq_cq_rd_count3[1]
                                8.00           8.07          -0.07  (VIOLATED) 
     PIN : u_NV_NVDLA_mcif_u_read_u_cq_cq_rd_count3_reg_1_/Q
                                8.00           8.07          -0.07  (VIOLATED) 

   net_net_25901               32.00          32.07          -0.07  (VIOLATED) 
     PIN : PLACE_BINV_RR_50010/Y
                               32.00          32.07          -0.07  (VIOLATED) 

   BUF_net_17429               16.00          16.07          -0.07  (VIOLATED) 
     PIN : PLACE_BUFT_P_41537/Y
                               16.00          16.07          -0.07  (VIOLATED) 

   u_NV_NVDLA_cdp_u_dp_u_NV_NVDLA_CDP_DP_lut_n1597
                                8.00           8.07          -0.07  (VIOLATED) 
     PIN : u_NV_NVDLA_cdp_u_dp_u_NV_NVDLA_CDP_DP_lut_U2123/Y
                                8.00           8.07          -0.07  (VIOLATED) 

   u_NV_NVDLA_mcif_u_read_u_eg_ro0_fifo1_ram_n3
                               16.00          16.07          -0.07  (VIOLATED) 
     PIN : u_NV_NVDLA_mcif_u_read_u_eg_ro0_fifo1_ram_U3/Y
                               16.00          16.07          -0.07  (VIOLATED) 

   u_NV_NVDLA_pdp_u_rdma_u_eg_u_ro0_fifo_ram_n25
                                8.00           8.07          -0.07  (VIOLATED) 
     PIN : u_NV_NVDLA_pdp_u_rdma_u_eg_u_ro0_fifo_ram_U5/Y
                                8.00           8.07          -0.07  (VIOLATED) 

   PLACE_HFSNET_6680            8.00           8.07          -0.07  (VIOLATED) 
     PIN : PLACE_HFSINV_319_6709/Y
                                8.00           8.07          -0.07  (VIOLATED) 

   u_NV_NVDLA_cdp_u_wdma_u_dat0_fifo3_ram_n48
                                8.00           8.07          -0.07  (VIOLATED) 
     PIN : u_NV_NVDLA_cdp_u_wdma_u_dat0_fifo3_ram_U17/Y
                                8.00           8.07          -0.07  (VIOLATED) 

   u_NV_NVDLA_pdp_u_core_pooling_type_cfg_d[1]
                               16.00          16.07          -0.07  (VIOLATED) 
     PIN : u_NV_NVDLA_pdp_u_core_pooling_type_cfg_d_reg_1_/Q
                               16.00          16.07          -0.07  (VIOLATED) 

   PLACE_HFSNET_17386           8.00           8.07          -0.07  (VIOLATED) 
     PIN : PLACE_HFSINV_707_17415/Y
                                8.00           8.07          -0.07  (VIOLATED) 

   BUF_net_19547               16.00          16.06          -0.06  (VIOLATED) 
     PIN : PLACE_BINV_R_43655/Y
                               16.00          16.06          -0.06  (VIOLATED) 

   u_NV_NVDLA_pdp_u_wdma_u_dat_u_dat0_fifo7_ram_n29
                                8.00           8.06          -0.06  (VIOLATED) 
     PIN : u_NV_NVDLA_pdp_u_wdma_u_dat_u_dat0_fifo7_ram_U3/Y
                                8.00           8.06          -0.06  (VIOLATED) 

   net_net_26845                8.00           8.06          -0.06  (VIOLATED) 
     PIN : u_NV_NVDLA_cdp_u_rdma_u_reg_U40/Y
                                8.00           8.06          -0.06  (VIOLATED) 

   u_NV_NVDLA_pdp_u_core_u_cal2d_n4796
                                8.00           8.06          -0.06  (VIOLATED) 
     PIN : u_NV_NVDLA_pdp_u_core_u_cal2d_U3962/Y
                                8.00           8.06          -0.06  (VIOLATED) 

   BUF_net_20201                8.00           8.06          -0.06  (VIOLATED) 
     PIN : PLACE_BINV_R_44309/Y
                                8.00           8.06          -0.06  (VIOLATED) 

   u_NV_NVDLA_mcif_u_read_u_cq_N1169
                                8.00           8.06          -0.06  (VIOLATED) 
     PIN : u_NV_NVDLA_mcif_u_read_u_cq_C21575/Y
                                8.00           8.06          -0.06  (VIOLATED) 

   PLACE_HFSNET_975             8.00           8.06          -0.06  (VIOLATED) 
     PIN : PLACE_HFSINV_135_1004/Y
                                8.00           8.06          -0.06  (VIOLATED) 

   u_NV_NVDLA_mcif_u_write_u_ig_bpt2arb_dat0_pd[34]
                               16.00          16.06          -0.06  (VIOLATED) 
     PIN : u_NV_NVDLA_mcif_u_write_u_ig_u_bpt0_u_dfifo_dfifo_rd_pd_reg_34_/Q
                               16.00          16.06          -0.06  (VIOLATED) 

   BUF_net_18483                8.00           8.06          -0.06  (VIOLATED) 
     PIN : PLACE_BINV_R_42591/Y
                                8.00           8.06          -0.06  (VIOLATED) 

   PLACE_HFSNET_12154           8.00           8.06          -0.06  (VIOLATED) 
     PIN : PLACE_HFSINV_4194_12183/Y
                                8.00           8.06          -0.06  (VIOLATED) 

   u_NV_NVDLA_pdp_u_reg_reg2dp_d0_dst_base_addr_low[17]
                                8.00           8.06          -0.06  (VIOLATED) 
     PIN : u_NV_NVDLA_pdp_u_reg_u_dual_reg_d0_dst_base_addr_low_reg_17_/Q
                                8.00           8.06          -0.06  (VIOLATED) 

   u_NV_NVDLA_cdp_u_dp_u_NV_NVDLA_CDP_DP_lut_density_reg245[4]
                                8.00           8.06          -0.06  (VIOLATED) 
     PIN : u_NV_NVDLA_cdp_u_dp_u_NV_NVDLA_CDP_DP_lut_density_reg245_reg_4_/Q
                                8.00           8.06          -0.06  (VIOLATED) 

   u_NV_NVDLA_pdp_u_reg_d1_reg_rd_data[6]
                                8.00           8.06          -0.06  (VIOLATED) 
     PIN : u_NV_NVDLA_pdp_u_reg_u_dual_reg_d1_U343/Y
                                8.00           8.06          -0.06  (VIOLATED) 

   BUF_net_13261               16.00          16.06          -0.06  (VIOLATED) 
     PIN : PLACE_BINV_R_37369/Y
                               16.00          16.06          -0.06  (VIOLATED) 

   net_net_8780                16.00          16.06          -0.06  (VIOLATED) 
     PIN : PLACE_BINV_RR_32889/Y
                               16.00          16.06          -0.06  (VIOLATED) 

   u_NV_NVDLA_cdp_u_dp_u_NV_NVDLA_CDP_DP_lut_n8486
                                8.00           8.06          -0.06  (VIOLATED) 
     PIN : u_NV_NVDLA_cdp_u_dp_u_NV_NVDLA_CDP_DP_lut_U8783/Y
                                8.00           8.06          -0.06  (VIOLATED) 

   u_NV_NVDLA_mcif_u_read_u_eg_ro6_fifo1_n5
                                8.00           8.06          -0.06  (VIOLATED) 
     PIN : U2196/Y              8.00           8.06          -0.06  (VIOLATED) 

   PLACE_HFSNET_2608           16.00          16.06          -0.06  (VIOLATED) 
     PIN : PLACE_HFSINV_94619_2637/Y
                               16.00          16.06          -0.06  (VIOLATED) 

   u_NV_NVDLA_cdp_u_reg_u_single_reg_n243
                                8.00           8.06          -0.06  (VIOLATED) 
     PIN : u_NV_NVDLA_cdp_u_reg_u_single_reg_U346/Y
                                8.00           8.06          -0.06  (VIOLATED) 

   PLACE_HFSNET_11083           8.00           8.06          -0.06  (VIOLATED) 
     PIN : PLACE_HFSINV_1615_11112/Y
                                8.00           8.06          -0.06  (VIOLATED) 

   u_NV_NVDLA_cdp_u_dp_u_NV_NVDLA_CDP_DP_intp_u_intpinfo_sync_fifo_intpinfo_wr_count[1]
                                8.00           8.06          -0.06  (VIOLATED) 
     PIN : u_NV_NVDLA_cdp_u_dp_u_NV_NVDLA_CDP_DP_intp_u_intpinfo_sync_fifo_intpinfo_wr_count_reg_1_/Q
                                8.00           8.06          -0.06  (VIOLATED) 

   PLACE_HFSNET_10784          16.00          16.06          -0.06  (VIOLATED) 
     PIN : PLACE_HFSBUF_239_10813/Y
                               16.00          16.06          -0.06  (VIOLATED) 

   PLACE_HFSNET_827            16.00          16.06          -0.06  (VIOLATED) 
     PIN : PLACE_HFSBUF_129_856/Y
                               16.00          16.06          -0.06  (VIOLATED) 

   PLACE_HFSNET_6632            8.00           8.06          -0.06  (VIOLATED) 
     PIN : PLACE_HFSINV_517_6661/Y
                                8.00           8.06          -0.06  (VIOLATED) 

   u_NV_NVDLA_pdp_u_core_u_cal2d_n4803
                                8.00           8.06          -0.06  (VIOLATED) 
     PIN : u_NV_NVDLA_pdp_u_core_u_cal2d_U3818/Y
                                8.00           8.06          -0.06  (VIOLATED) 

   u_NV_NVDLA_mcif_u_write_u_cq_N737
                               16.00          16.06          -0.06  (VIOLATED) 
     PIN : u_NV_NVDLA_mcif_u_write_u_cq_C17194/Y
                               16.00          16.06          -0.06  (VIOLATED) 

   BUF_net_4883                16.00          16.06          -0.06  (VIOLATED) 
     PIN : PLACE_BINV_R_28991/Y
                               16.00          16.06          -0.06  (VIOLATED) 

   BUF_net_10334               32.00          32.06          -0.06  (VIOLATED) 
     PIN : PLACE_BINV_R_34442/Y
                               32.00          32.06          -0.06  (VIOLATED) 

   u_NV_NVDLA_cdp_u_dp_u_NV_NVDLA_CDP_DP_lut_density_reg239[12]
                                8.00           8.06          -0.06  (VIOLATED) 
     PIN : u_NV_NVDLA_cdp_u_dp_u_NV_NVDLA_CDP_DP_lut_density_reg239_reg_12_/Q
                                8.00           8.06          -0.06  (VIOLATED) 

   PLACE_HFSNET_8455            8.00           8.06          -0.06  (VIOLATED) 
     PIN : PLACE_HFSINV_4228_8484/Y
                                8.00           8.06          -0.06  (VIOLATED) 

   u_NV_NVDLA_cdp_u_dp_u_NV_NVDLA_CDP_DP_lut_density_reg229[13]
                                8.00           8.05          -0.05  (VIOLATED) 
     PIN : u_NV_NVDLA_cdp_u_dp_u_NV_NVDLA_CDP_DP_lut_density_reg229_reg_13_/Q
                                8.00           8.05          -0.05  (VIOLATED) 

   PLACE_HFSNET_20072          16.00          16.05          -0.05  (VIOLATED) 
     PIN : PLACE_HFSINV_4588_20101/Y
                               16.00          16.05          -0.05  (VIOLATED) 

   PLACE_HFSNET_4795            8.00           8.05          -0.05  (VIOLATED) 
     PIN : PLACE_HFSINV_238_4824/Y
                                8.00           8.05          -0.05  (VIOLATED) 

   BUF_net_13027               16.00          16.05          -0.05  (VIOLATED) 
     PIN : PLACE_BINV_R_37135/Y
                               16.00          16.05          -0.05  (VIOLATED) 

   u_NV_NVDLA_mcif_u_read_u_eg_ro3_fifo0_n23
                                8.00           8.05          -0.05  (VIOLATED) 
     PIN : u_NV_NVDLA_mcif_u_read_u_eg_ro3_fifo0_U15/Y
                                8.00           8.05          -0.05  (VIOLATED) 

   PLACE_HFSNET_14219           8.00           8.05          -0.05  (VIOLATED) 
     PIN : PLACE_HFSINV_512_14248/Y
                                8.00           8.05          -0.05  (VIOLATED) 

   u_NV_NVDLA_cdp_u_dp_u_NV_NVDLA_CDP_DP_lut_n8162
                               16.00          16.05          -0.05  (VIOLATED) 
     PIN : u_NV_NVDLA_cdp_u_dp_u_NV_NVDLA_CDP_DP_lut_U6068/Y
                               16.00          16.05          -0.05  (VIOLATED) 

   PLACE_HFSNET_3913           16.00          16.05          -0.05  (VIOLATED) 
     PIN : PLACE_HFSBUF_925_3942/Y
                               16.00          16.05          -0.05  (VIOLATED) 

   BUF_net_24352                8.00           8.05          -0.05  (VIOLATED) 
     PIN : PLACE_BINV_R_48460/Y
                                8.00           8.05          -0.05  (VIOLATED) 

   BUF_net_16113               16.00          16.05          -0.05  (VIOLATED) 
     PIN : PLACE_BUFT_P_40221/Y
                               16.00          16.05          -0.05  (VIOLATED) 

   u_NV_NVDLA_pdp_u_core_u_cal2d_mem_data7[12]
                                8.00           8.05          -0.05  (VIOLATED) 
     PIN : u_NV_NVDLA_pdp_u_core_u_cal2d_mem_data7_reg_12_/Q
                                8.00           8.05          -0.05  (VIOLATED) 

   BUF_net_10241               16.00          16.05          -0.05  (VIOLATED) 
     PIN : PLACE_BINV_R_34349/Y
                               16.00          16.05          -0.05  (VIOLATED) 

   u_NV_NVDLA_cdp_u_dp_u_NV_NVDLA_CDP_DP_lut_density_reg123[5]
                                8.00           8.05          -0.05  (VIOLATED) 
     PIN : u_NV_NVDLA_cdp_u_dp_u_NV_NVDLA_CDP_DP_lut_density_reg123_reg_5_/Q
                                8.00           8.05          -0.05  (VIOLATED) 

   u_NV_NVDLA_cdp_u_dp_u_NV_NVDLA_CDP_DP_lut_n6544
                                8.00           8.05          -0.05  (VIOLATED) 
     PIN : u_NV_NVDLA_cdp_u_dp_u_NV_NVDLA_CDP_DP_lut_U7063/Y
                                8.00           8.05          -0.05  (VIOLATED) 

   u_NV_NVDLA_cdp_u_dp_u_NV_NVDLA_CDP_DP_lut_n2752
                                8.00           8.05          -0.05  (VIOLATED) 
     PIN : u_NV_NVDLA_cdp_u_dp_u_NV_NVDLA_CDP_DP_lut_U3320/Y
                                8.00           8.05          -0.05  (VIOLATED) 

   BUF_net_16698                8.00           8.05          -0.05  (VIOLATED) 
     PIN : PLACE_BINV_R_40806/Y
                                8.00           8.05          -0.05  (VIOLATED) 

   u_NV_NVDLA_mcif_u_read_u_eg_ro1_rd0_pd[26]
                                8.00           8.05          -0.05  (VIOLATED) 
     PIN : u_NV_NVDLA_mcif_u_read_u_eg_ro1_fifo0_ro_rd_pd_reg_26_/Q
                                8.00           8.05          -0.05  (VIOLATED) 

   u_NV_NVDLA_cdp_u_dp_u_NV_NVDLA_CDP_DP_lut_density_reg241[15]
                                8.00           8.05          -0.05  (VIOLATED) 
     PIN : u_NV_NVDLA_cdp_u_dp_u_NV_NVDLA_CDP_DP_lut_density_reg241_reg_15_/Q
                                8.00           8.05          -0.05  (VIOLATED) 

   PLACE_HFSNET_10463           8.00           8.05          -0.05  (VIOLATED) 
     PIN : PLACE_HFSINV_1032_p_10492/Y
                                8.00           8.05          -0.05  (VIOLATED) 

   PLACE_HFSNET_14853          16.00          16.05          -0.05  (VIOLATED) 
     PIN : PLACE_HFSBUF_102_14882/Y
                               16.00          16.05          -0.05  (VIOLATED) 

   u_NV_NVDLA_pdp_u_core_u_cal2d_mem_data7[11]
                                8.00           8.05          -0.05  (VIOLATED) 
     PIN : u_NV_NVDLA_pdp_u_core_u_cal2d_mem_data7_reg_11_/Q
                                8.00           8.05          -0.05  (VIOLATED) 

   BUF_net_20470               16.00          16.05          -0.05  (VIOLATED) 
     PIN : PLACE_BINV_R_44578/Y
                               16.00          16.05          -0.05  (VIOLATED) 

   BUF_net_13079               16.00          16.05          -0.05  (VIOLATED) 
     PIN : PLACE_BINV_R_37187/Y
                               16.00          16.05          -0.05  (VIOLATED) 

   u_NV_NVDLA_cdp_u_dp_u_NV_NVDLA_CDP_DP_lut_density_reg8[5]
                                8.00           8.05          -0.05  (VIOLATED) 
     PIN : u_NV_NVDLA_cdp_u_dp_u_NV_NVDLA_CDP_DP_lut_density_reg8_reg_5_/Q
                                8.00           8.05          -0.05  (VIOLATED) 

   u_NV_NVDLA_mcif_u_read_u_eg_ro0_fifo1_ro_rd_pd_p[15]
                                8.00           8.04          -0.04  (VIOLATED) 
     PIN : u_NV_NVDLA_mcif_u_read_u_eg_ro0_fifo1_ram_U86/Y
                                8.00           8.04          -0.04  (VIOLATED) 

   PLACE_HFSNET_9252            8.00           8.04          -0.04  (VIOLATED) 
     PIN : PLACE_HFSINV_662_9281/Y
                                8.00           8.04          -0.04  (VIOLATED) 

   u_NV_NVDLA_csb_master_u_fifo_csb2nvdla_ram_di_d[39]
                               16.00          16.04          -0.04  (VIOLATED) 
     PIN : u_NV_NVDLA_csb_master_u_fifo_csb2nvdla_ram_di_d_reg_39_/Q
                               16.00          16.04          -0.04  (VIOLATED) 

   u_NV_NVDLA_cdp_u_dp_u_NV_NVDLA_CDP_DP_lut_density_reg251[0]
                                8.00           8.04          -0.04  (VIOLATED) 
     PIN : u_NV_NVDLA_cdp_u_dp_u_NV_NVDLA_CDP_DP_lut_density_reg251_reg_0_/Q
                                8.00           8.04          -0.04  (VIOLATED) 

   PLACE_HFSNET_23139           8.00           8.04          -0.04  (VIOLATED) 
     PIN : PLACE_HFSINV_175_23168/Y
                                8.00           8.04          -0.04  (VIOLATED) 

   u_NV_NVDLA_cdp_u_dp_u_NV_NVDLA_CDP_DP_lut_n4678
                               16.00          16.04          -0.04  (VIOLATED) 
     PIN : u_NV_NVDLA_cdp_u_dp_u_NV_NVDLA_CDP_DP_lut_U294/Y
                               16.00          16.04          -0.04  (VIOLATED) 

   PLACE_HFSNET_17135           8.00           8.04          -0.04  (VIOLATED) 
     PIN : PLACE_HFSINV_647_17164/Y
                                8.00           8.04          -0.04  (VIOLATED) 

   u_NV_NVDLA_cdp_u_dp_u_NV_NVDLA_CDP_DP_intp_both_of_counter[2]
                                8.00           8.04          -0.04  (VIOLATED) 
     PIN : u_NV_NVDLA_cdp_u_dp_u_NV_NVDLA_CDP_DP_intp_both_of_counter_reg_2_/Q
                                8.00           8.04          -0.04  (VIOLATED) 

   PLACE_HFSNET_7936            8.00           8.04          -0.04  (VIOLATED) 
     PIN : PLACE_HFSINV_374_7965/Y
                                8.00           8.04          -0.04  (VIOLATED) 

   BUF_net_12612               16.00          16.04          -0.04  (VIOLATED) 
     PIN : PLACE_BINV_R_36720/Y
                               16.00          16.04          -0.04  (VIOLATED) 

   PLACE_HFSNET_9625           16.00          16.04          -0.04  (VIOLATED) 
     PIN : PLACE_HFSBUF_4692_9654/Y
                               16.00          16.04          -0.04  (VIOLATED) 

   BUF_net_17139               16.00          16.04          -0.04  (VIOLATED) 
     PIN : PLACE_BUFT_P_41247/Y
                               16.00          16.04          -0.04  (VIOLATED) 

   u_NV_NVDLA_pdp_u_core_u_cal2d_n4005
                                8.00           8.04          -0.04  (VIOLATED) 
     PIN : u_NV_NVDLA_pdp_u_core_u_cal2d_U3715/Y
                                8.00           8.04          -0.04  (VIOLATED) 

   u_NV_NVDLA_cdp_u_rdma_u_eg_u_ro4_fifo_n12
                                8.00           8.04          -0.04  (VIOLATED) 
     PIN : U2176/Y              8.00           8.04          -0.04  (VIOLATED) 

   u_NV_NVDLA_cdp_u_dp_u_NV_NVDLA_CDP_DP_lut_density_reg141[12]
                               16.00          16.04          -0.04  (VIOLATED) 
     PIN : u_NV_NVDLA_cdp_u_dp_u_NV_NVDLA_CDP_DP_lut_density_reg141_reg_12_/Q
                               16.00          16.04          -0.04  (VIOLATED) 

   PLACE_HFSNET_6771            8.00           8.04          -0.04  (VIOLATED) 
     PIN : PLACE_HFSINV_259_6800/Y
                                8.00           8.04          -0.04  (VIOLATED) 

   net_net_8802                 8.00           8.04          -0.04  (VIOLATED) 
     PIN : PLACE_BINV_RR_32911/Y
                                8.00           8.04          -0.04  (VIOLATED) 

   u_NV_NVDLA_cdp_u_dp_u_NV_NVDLA_CDP_DP_lut_n7591
                                8.00           8.04          -0.04  (VIOLATED) 
     PIN : u_NV_NVDLA_cdp_u_dp_u_NV_NVDLA_CDP_DP_lut_U8107/Y
                                8.00           8.04          -0.04  (VIOLATED) 

   u_NV_NVDLA_cdp_u_dp_u_NV_NVDLA_CDP_DP_lut_n6927
                                8.00           8.04          -0.04  (VIOLATED) 
     PIN : u_NV_NVDLA_cdp_u_dp_u_NV_NVDLA_CDP_DP_lut_U7446/Y
                                8.00           8.04          -0.04  (VIOLATED) 

   u_NV_NVDLA_cdp_u_dp_u_NV_NVDLA_CDP_DP_lut_n5651
                                8.00           8.04          -0.04  (VIOLATED) 
     PIN : u_NV_NVDLA_cdp_u_dp_u_NV_NVDLA_CDP_DP_lut_U6166/Y
                                8.00           8.04          -0.04  (VIOLATED) 

   PLACE_HFSNET_18837           8.00           8.04          -0.04  (VIOLATED) 
     PIN : PLACE_HFSINV_540_18866/Y
                                8.00           8.04          -0.04  (VIOLATED) 

   PLACE_HFSNET_13882           8.00           8.04          -0.04  (VIOLATED) 
     PIN : PLACE_HFSINV_750_13911/Y
                                8.00           8.04          -0.04  (VIOLATED) 

   BUF_net_16622                8.00           8.04          -0.04  (VIOLATED) 
     PIN : PLACE_BINV_R_40730/Y
                                8.00           8.04          -0.04  (VIOLATED) 

   PLACE_HFSNET_6046            8.00           8.04          -0.04  (VIOLATED) 
     PIN : PLACE_HFSINV_810_p_6075/Y
                                8.00           8.04          -0.04  (VIOLATED) 

   BUF_net_12500                8.00           8.04          -0.04  (VIOLATED) 
     PIN : PLACE_BINV_R_36608/Y
                                8.00           8.04          -0.04  (VIOLATED) 

   PLACE_HFSNET_20485           8.00           8.04          -0.04  (VIOLATED) 
     PIN : PLACE_HFSINV_4263_20514/Y
                                8.00           8.04          -0.04  (VIOLATED) 

   PLACE_ZBUF_198              32.00          32.04          -0.04  (VIOLATED) 
     PIN : PLACE_ZBUF_inst_53020/Y
                               32.00          32.04          -0.04  (VIOLATED) 

   BUF_net_5439                16.00          16.04          -0.04  (VIOLATED) 
     PIN : PLACE_BINV_R_29547/Y
                               16.00          16.04          -0.04  (VIOLATED) 

   PLACE_HFSNET_8132           16.00          16.04          -0.04  (VIOLATED) 
     PIN : PLACE_HFSBUF_1407_8161/Y
                               16.00          16.04          -0.04  (VIOLATED) 

   BUF_net_12505               16.00          16.04          -0.04  (VIOLATED) 
     PIN : PLACE_BINV_R_36613/Y
                               16.00          16.04          -0.04  (VIOLATED) 

   u_NV_NVDLA_mcif_u_read_u_ig_u_arb_pipe_p1_2_n77
                                8.00           8.04          -0.04  (VIOLATED) 
     PIN : U1076/Y              8.00           8.04          -0.04  (VIOLATED) 

   PLACE_HFSNET_8478            8.00           8.04          -0.04  (VIOLATED) 
     PIN : PLACE_HFSINV_223_8507/Y
                                8.00           8.04          -0.04  (VIOLATED) 

   u_NV_NVDLA_cdp_u_rdma_u_eg_u_ro4_fifo_ram_n46
                                8.00           8.04          -0.04  (VIOLATED) 
     PIN : u_NV_NVDLA_cdp_u_rdma_u_eg_u_ro4_fifo_ram_U15/Y
                                8.00           8.04          -0.04  (VIOLATED) 

   PLACE_HFSNET_19973          16.00          16.04          -0.04  (VIOLATED) 
     PIN : PLACE_HFSBUF_279_20002/Y
                               16.00          16.04          -0.04  (VIOLATED) 

   PLACE_HFSNET_15622          16.00          16.03          -0.03  (VIOLATED) 
     PIN : PLACE_HFSBUF_2328_15651/Y
                               16.00          16.03          -0.03  (VIOLATED) 

   u_NV_NVDLA_pdp_u_reg_u_dual_reg_d0_n717
                                8.00           8.03          -0.03  (VIOLATED) 
     PIN : u_NV_NVDLA_pdp_u_reg_u_dual_reg_d0_U98/Y
                                8.00           8.03          -0.03  (VIOLATED) 

   BUF_net_15390               32.00          32.03          -0.03  (VIOLATED) 
     PIN : PLACE_BUFT_RR_39498/Y
                               32.00          32.03          -0.03  (VIOLATED) 

   u_NV_NVDLA_cdp_u_dp_u_NV_NVDLA_CDP_DP_lut_raw_reg32[6]
                                8.00           8.03          -0.03  (VIOLATED) 
     PIN : u_NV_NVDLA_cdp_u_dp_u_NV_NVDLA_CDP_DP_lut_raw_reg32_reg_6_/Q
                                8.00           8.03          -0.03  (VIOLATED) 

   BUF_net_20600                8.00           8.03          -0.03  (VIOLATED) 
     PIN : PLACE_BINV_R_44708/Y
                                8.00           8.03          -0.03  (VIOLATED) 

   u_NV_NVDLA_cdp_u_dp_u_NV_NVDLA_CDP_DP_lut_n6991
                                8.00           8.03          -0.03  (VIOLATED) 
     PIN : u_NV_NVDLA_cdp_u_dp_u_NV_NVDLA_CDP_DP_lut_U7506/Y
                                8.00           8.03          -0.03  (VIOLATED) 

   PLACE_HFSNET_7082            8.00           8.03          -0.03  (VIOLATED) 
     PIN : PLACE_HFSINV_310_7111/Y
                                8.00           8.03          -0.03  (VIOLATED) 

   u_NV_NVDLA_cdp_u_dp_u_NV_NVDLA_CDP_DP_syncfifo_u_data_sync_fifo_ram_r_nv_ram_rwsthp_80x9_muxed_r0_OutputMuxDataOut[8]
                                8.00           8.03          -0.03  (VIOLATED) 
     PIN : u_NV_NVDLA_cdp_u_dp_u_NV_NVDLA_CDP_DP_syncfifo_u_data_sync_fifo_ram_r_nv_ram_rwsthp_80x9_U35/Y
                                8.00           8.03          -0.03  (VIOLATED) 

   u_NV_NVDLA_mcif_u_read_u_eg_ro0_rd0_pd[4]
                                8.00           8.03          -0.03  (VIOLATED) 
     PIN : u_NV_NVDLA_mcif_u_read_u_eg_ro0_fifo0_ro_rd_pd_reg_4_/Q
                                8.00           8.03          -0.03  (VIOLATED) 

   u_NV_NVDLA_mcif_u_read_u_eg_dma5_mdata1[13]
                                8.00           8.03          -0.03  (VIOLATED) 
     PIN : u_NV_NVDLA_mcif_u_read_u_eg_U918/Y
                                8.00           8.03          -0.03  (VIOLATED) 

   PLACE_HFSNET_2786            8.00           8.03          -0.03  (VIOLATED) 
     PIN : PLACE_HFSINV_139530_2815/Y
                                8.00           8.03          -0.03  (VIOLATED) 

   iso_net_nvdla_core_rstn      8.00           8.03          -0.03  (VIOLATED) 
     PIN : u_sync_core_reset_sync_reset_synced_rstn_UI_test_mode_outmux_U2/Y
                                8.00           8.03          -0.03  (VIOLATED) 

   BUF_net_25402               16.00          16.03          -0.03  (VIOLATED) 
     PIN : PLACE_BINV_R_49510/Y
                               16.00          16.03          -0.03  (VIOLATED) 

   u_NV_NVDLA_mcif_u_read_u_eg_ro4_fifo0_n33
                               16.00          16.03          -0.03  (VIOLATED) 
     PIN : U920/Y              16.00          16.03          -0.03  (VIOLATED) 

   PLACE_HFSNET_1726           16.00          16.03          -0.03  (VIOLATED) 
     PIN : PLACE_HFSINV_58431_1755/Y
                               16.00          16.03          -0.03  (VIOLATED) 

   BUF_net_21179               16.00          16.03          -0.03  (VIOLATED) 
     PIN : PLACE_BINV_R_45287/Y
                               16.00          16.03          -0.03  (VIOLATED) 

   u_NV_NVDLA_mcif_u_write_u_ig_u_arb_u_dfifo0_ram_n407
                                8.00           8.03          -0.03  (VIOLATED) 
     PIN : u_NV_NVDLA_mcif_u_write_u_ig_u_arb_u_dfifo0_ram_U279/Y
                                8.00           8.03          -0.03  (VIOLATED) 

   u_NV_NVDLA_cdp_u_rdma_u_eg_u_lat_fifo_ram_r_nv_ram_rwsp_61x65_n9
                               16.00          16.03          -0.03  (VIOLATED) 
     PIN : U1322/Y             16.00          16.03          -0.03  (VIOLATED) 

   PLACE_HFSNET_6729            8.00           8.03          -0.03  (VIOLATED) 
     PIN : PLACE_HFSINV_337_6758/Y
                                8.00           8.03          -0.03  (VIOLATED) 

   BUF_net_21786                8.00           8.03          -0.03  (VIOLATED) 
     PIN : PLACE_BINV_R_45894/Y
                                8.00           8.03          -0.03  (VIOLATED) 

   u_NV_NVDLA_cdp_u_reg_reg2dp_d0_dst_surface_stride[0]
                                8.00           8.03          -0.03  (VIOLATED) 
     PIN : u_NV_NVDLA_cdp_u_reg_u_dual_reg_d0_dst_surface_stride_reg_0_/Q
                                8.00           8.03          -0.03  (VIOLATED) 

   PLACE_HFSNET_3693           16.00          16.03          -0.03  (VIOLATED) 
     PIN : PLACE_HFSINV_119974_3722/Y
                               16.00          16.03          -0.03  (VIOLATED) 

   u_NV_NVDLA_mcif_u_read_u_eg_dma6_mdata1[3]
                               16.00          16.03          -0.03  (VIOLATED) 
     PIN : u_NV_NVDLA_mcif_u_read_u_eg_U965/Y
                               16.00          16.03          -0.03  (VIOLATED) 

   PLACE_HFSNET_13774           8.00           8.03          -0.03  (VIOLATED) 
     PIN : PLACE_HFSINV_521_13803/Y
                                8.00           8.03          -0.03  (VIOLATED) 

   u_NV_NVDLA_cdp_u_dp_u_NV_NVDLA_CDP_DP_cvtout_u_HLS_cdp_ocvt_0_pipe_p4_n8
                                8.00           8.03          -0.03  (VIOLATED) 
     PIN : u_NV_NVDLA_cdp_u_dp_u_NV_NVDLA_CDP_DP_cvtout_u_HLS_cdp_ocvt_0_pipe_p4_U16/Y
                                8.00           8.03          -0.03  (VIOLATED) 

   BUF_net_12946               16.00          16.03          -0.03  (VIOLATED) 
     PIN : PLACE_BINV_R_37054/Y
                               16.00          16.03          -0.03  (VIOLATED) 

   PLACE_HFSNET_15094          16.00          16.03          -0.03  (VIOLATED) 
     PIN : PLACE_HFSBUF_109_15123/Y
                               16.00          16.03          -0.03  (VIOLATED) 

   PLACE_HFSNET_9302            8.00           8.03          -0.03  (VIOLATED) 
     PIN : PLACE_HFSINV_4373_9331/Y
                                8.00           8.03          -0.03  (VIOLATED) 

   PLACE_HFSNET_18939          16.00          16.03          -0.03  (VIOLATED) 
     PIN : PLACE_HFSBUF_735_18968/Y
                               16.00          16.03          -0.03  (VIOLATED) 

   BUF_net_19997               16.00          16.02          -0.02  (VIOLATED) 
     PIN : PLACE_BINV_R_44105/Y
                               16.00          16.02          -0.02  (VIOLATED) 

   BUF_net_5341                 8.00           8.02          -0.02  (VIOLATED) 
     PIN : PLACE_BINV_R_29449/Y
                                8.00           8.02          -0.02  (VIOLATED) 

   u_NV_NVDLA_mcif_u_read_u_cq_N3652
                                8.00           8.02          -0.02  (VIOLATED) 
     PIN : u_NV_NVDLA_mcif_u_read_u_cq_C24996/Y
                                8.00           8.02          -0.02  (VIOLATED) 

   BUF_net_19132               16.00          16.02          -0.02  (VIOLATED) 
     PIN : PLACE_BINV_R_43240/Y
                               16.00          16.02          -0.02  (VIOLATED) 

   u_NV_NVDLA_cdp_u_dp_u_NV_NVDLA_CDP_DP_lut_density_reg233[14]
                                8.00           8.02          -0.02  (VIOLATED) 
     PIN : u_NV_NVDLA_cdp_u_dp_u_NV_NVDLA_CDP_DP_lut_density_reg233_reg_14_/Q
                                8.00           8.02          -0.02  (VIOLATED) 

   u_NV_NVDLA_cdp_u_reg_reg2dp_d1_dst_surface_stride[0]
                                8.00           8.02          -0.02  (VIOLATED) 
     PIN : u_NV_NVDLA_cdp_u_reg_u_dual_reg_d1_dst_surface_stride_reg_0_/Q
                                8.00           8.02          -0.02  (VIOLATED) 

   net_net_4198                16.00          16.02          -0.02  (VIOLATED) 
     PIN : u_NV_NVDLA_pdp_u_reg_U341/Y
                               16.00          16.02          -0.02  (VIOLATED) 

   BUF_net_5441                16.00          16.02          -0.02  (VIOLATED) 
     PIN : PLACE_BUFT_P_29549/Y
                               16.00          16.02          -0.02  (VIOLATED) 

   BUF_net_14559               16.00          16.02          -0.02  (VIOLATED) 
     PIN : PLACE_BUFT_RR_38667/Y
                               16.00          16.02          -0.02  (VIOLATED) 

   u_NV_NVDLA_cdp_reg2dp_dst_surface_stride[28]
                                8.00           8.02          -0.02  (VIOLATED) 
     PIN : u_NV_NVDLA_cdp_u_reg_U103/Y
                                8.00           8.02          -0.02  (VIOLATED) 

   PLACE_HFSNET_20816           8.00           8.02          -0.02  (VIOLATED) 
     PIN : PLACE_HFSINV_4926_20845/Y
                                8.00           8.02          -0.02  (VIOLATED) 

   BUF_net_6707                16.00          16.02          -0.02  (VIOLATED) 
     PIN : PLACE_BINV_R_30815/Y
                               16.00          16.02          -0.02  (VIOLATED) 

   PLACE_HFSNET_22148           8.00           8.02          -0.02  (VIOLATED) 
     PIN : PLACE_HFSINV_569_22177/Y
                                8.00           8.02          -0.02  (VIOLATED) 

   PLACE_HFSNET_3910           16.00          16.02          -0.02  (VIOLATED) 
     PIN : PLACE_HFSINV_962_3939/Y
                               16.00          16.02          -0.02  (VIOLATED) 

   BUF_net_7534                16.00          16.02          -0.02  (VIOLATED) 
     PIN : PLACE_BINV_R_31642/Y
                               16.00          16.02          -0.02  (VIOLATED) 

   PLACE_HFSNET_5164            8.00           8.02          -0.02  (VIOLATED) 
     PIN : PLACE_HFSINV_532_5193/Y
                                8.00           8.02          -0.02  (VIOLATED) 

   u_NV_NVDLA_mcif_u_write_u_ig_u_bpt2_u_dfifo_n20
                               16.00          16.02          -0.02  (VIOLATED) 
     PIN : U1639/Y             16.00          16.02          -0.02  (VIOLATED) 

   u_NV_NVDLA_mcif_u_read_u_eg_pipe_p1_p1_pipe_data[4]
                                8.00           8.02          -0.02  (VIOLATED) 
     PIN : u_NV_NVDLA_mcif_u_read_u_eg_pipe_p1_p1_pipe_data_reg_4_/Q
                                8.00           8.02          -0.02  (VIOLATED) 

   PLACE_HFSNET_8009           16.00          16.02          -0.02  (VIOLATED) 
     PIN : PLACE_HFSBUF_1436_8038/Y
                               16.00          16.02          -0.02  (VIOLATED) 

   u_NV_NVDLA_pdp_u_core_u_cal1d_unit1d_4_n435
                               16.00          16.02          -0.02  (VIOLATED) 
     PIN : u_NV_NVDLA_pdp_u_core_u_cal1d_unit1d_4_U20/Y
                               16.00          16.02          -0.02  (VIOLATED) 

   u_NV_NVDLA_pdp_u_rdma_u_eg_lat_rd_pd[33]
                                8.00           8.02          -0.02  (VIOLATED) 
     PIN : u_NV_NVDLA_pdp_u_rdma_u_eg_u_lat_fifo_ram_r_nv_ram_rwsp_61x65_testInst_Data_reg_r0_Jreg_ff_33__SSS_nr_Q_reg/Q
                                8.00           8.02          -0.02  (VIOLATED) 

   u_NV_NVDLA_cdp_u_dp_u_NV_NVDLA_CDP_DP_intp_both_uf_counter[14]
                                8.00           8.02          -0.02  (VIOLATED) 
     PIN : u_NV_NVDLA_cdp_u_dp_u_NV_NVDLA_CDP_DP_intp_both_uf_counter_reg_14_/Q
                                8.00           8.02          -0.02  (VIOLATED) 

   u_NV_NVDLA_pdp_u_core_u_cal2d_n4107
                                8.00           8.02          -0.02  (VIOLATED) 
     PIN : u_NV_NVDLA_pdp_u_core_u_cal2d_U3904/Y
                                8.00           8.02          -0.02  (VIOLATED) 

   u_NV_NVDLA_pdp_u_core_u_cal2d_n4913
                                8.00           8.02          -0.02  (VIOLATED) 
     PIN : u_NV_NVDLA_pdp_u_core_u_cal2d_pnum_flush5_reg_0_/QN
                                8.00           8.02          -0.02  (VIOLATED) 

   u_NV_NVDLA_mcif_u_write_u_ig_u_cvt_dat_pd[43]
                                8.00           8.02          -0.02  (VIOLATED) 
     PIN : u_NV_NVDLA_mcif_u_write_u_ig_u_cvt_pipe_p2_p2_pipe_data_reg_43_/Q
                                8.00           8.02          -0.02  (VIOLATED) 

   BUF_net_9217                32.00          32.02          -0.02  (VIOLATED) 
     PIN : PLACE_BINV_R_33325/Y
                               32.00          32.02          -0.02  (VIOLATED) 

   net_net_23388               16.00          16.02          -0.02  (VIOLATED) 
     PIN : iso_buf_u_NV_NVDLA_pdp_u_rdma_u_eg_u_lat_fifo_ram_r_nv_ram_rwsp_61x65_ram_Inst_61X66_1_O2_1_/Y
                               16.00          16.02          -0.02  (VIOLATED) 

   u_NV_NVDLA_cdp_u_dp_u_NV_NVDLA_CDP_DP_lut_density_reg125[9]
                                8.00           8.02          -0.02  (VIOLATED) 
     PIN : u_NV_NVDLA_cdp_u_dp_u_NV_NVDLA_CDP_DP_lut_density_reg125_reg_9_/Q
                                8.00           8.02          -0.02  (VIOLATED) 

   BUF_net_9995                16.00          16.02          -0.02  (VIOLATED) 
     PIN : PLACE_BINV_R_34103/Y
                               16.00          16.02          -0.02  (VIOLATED) 

   u_NV_NVDLA_cdp_u_dp_u_NV_NVDLA_CDP_DP_sum_int8_sq_5[0]
                                8.00           8.02          -0.02  (VIOLATED) 
     PIN : u_NV_NVDLA_cdp_u_dp_u_NV_NVDLA_CDP_DP_sum_int8_sq_5_reg_0_/Q
                                8.00           8.02          -0.02  (VIOLATED) 

   u_NV_NVDLA_cdp_u_wdma_dma_wr_req_pd[25]
                                8.00           8.02          -0.02  (VIOLATED) 
     PIN : u_NV_NVDLA_cdp_u_wdma_U131/Y
                                8.00           8.02          -0.02  (VIOLATED) 

   net_net_5313                16.00          16.02          -0.02  (VIOLATED) 
     PIN : u_NV_NVDLA_mcif_u_read_u_ig_u_bpt6_U124/Y
                               16.00          16.02          -0.02  (VIOLATED) 

   BUF_net_18846               16.00          16.01          -0.01  (VIOLATED) 
     PIN : PLACE_BINV_R_42954/Y
                               16.00          16.01          -0.01  (VIOLATED) 

   u_NV_NVDLA_mcif_u_read_u_cq_cq_rd_count2[6]
                                8.00           8.01          -0.01  (VIOLATED) 
     PIN : u_NV_NVDLA_mcif_u_read_u_cq_cq_rd_count2_reg_6_/Q
                                8.00           8.01          -0.01  (VIOLATED) 

   BUF_net_19317               16.00          16.01          -0.01  (VIOLATED) 
     PIN : PLACE_BINV_R_43425/Y
                               16.00          16.01          -0.01  (VIOLATED) 

   BUF_net_18973               16.00          16.01          -0.01  (VIOLATED) 
     PIN : PLACE_BINV_R_43081/Y
                               16.00          16.01          -0.01  (VIOLATED) 

   u_NV_NVDLA_cdp_u_rdma_u_eg_NV_NVDLA_PDP_RDMA_rdrsp_pipe_skid_mcif_rd_rsp_pd[6]
                                8.00           8.01          -0.01  (VIOLATED) 
     PIN : u_NV_NVDLA_cdp_u_rdma_u_eg_NV_NVDLA_PDP_RDMA_rdrsp_pipe_skid_mcif_rd_rsp_pd_reg_6_/Q
                                8.00           8.01          -0.01  (VIOLATED) 

   PLACE_HFSNET_16863          16.00          16.01          -0.01  (VIOLATED) 
     PIN : PLACE_HFSBUF_99_16892/Y
                               16.00          16.01          -0.01  (VIOLATED) 

   u_NV_NVDLA_pdp_u_core_u_cal2d_n4657
                                8.00           8.01          -0.01  (VIOLATED) 
     PIN : u_NV_NVDLA_pdp_u_core_u_cal2d_U3974/Y
                                8.00           8.01          -0.01  (VIOLATED) 

   u_NV_NVDLA_mcif_u_read_u_eg_n84
                                8.00           8.01          -0.01  (VIOLATED) 
     PIN : u_NV_NVDLA_mcif_u_read_u_eg_U142/Y
                                8.00           8.01          -0.01  (VIOLATED) 

   u_NV_NVDLA_cdp_u_reg_u_dual_reg_d0_n367
                                8.00           8.01          -0.01  (VIOLATED) 
     PIN : u_NV_NVDLA_cdp_u_reg_u_dual_reg_d0_U373/Y
                                8.00           8.01          -0.01  (VIOLATED) 

   u_NV_NVDLA_cdp_u_dp_u_NV_NVDLA_CDP_DP_lut_n7908
                                8.00           8.01          -0.01  (VIOLATED) 
     PIN : u_NV_NVDLA_cdp_u_dp_u_NV_NVDLA_CDP_DP_lut_U8428/Y
                                8.00           8.01          -0.01  (VIOLATED) 

   u_NV_NVDLA_mcif_u_write_u_ig_u_cvt_cmd_vld_pd[18]
                                8.00           8.01          -0.01  (VIOLATED) 
     PIN : u_NV_NVDLA_mcif_u_write_u_ig_u_cvt_U111/Y
                                8.00           8.01          -0.01  (VIOLATED) 

   u_NV_NVDLA_cdp_u_dp_u_NV_NVDLA_CDP_DP_cvtin_pipe_p2_n3
                                8.00           8.01          -0.01  (VIOLATED) 
     PIN : u_NV_NVDLA_cdp_u_dp_u_NV_NVDLA_CDP_DP_cvtin_pipe_p2_U4/Y
                                8.00           8.01          -0.01  (VIOLATED) 

   BUF_net_22951               16.00          16.01          -0.01  (VIOLATED) 
     PIN : PLACE_BINV_R_47059/Y
                               16.00          16.01          -0.01  (VIOLATED) 

   PLACE_HFSNET_9307           16.00          16.01          -0.01  (VIOLATED) 
     PIN : PLACE_HFSINV_2403_9336/Y
                               16.00          16.01          -0.01  (VIOLATED) 

   u_NV_NVDLA_mcif_u_read_u_eg_n412
                                8.00           8.01          -0.01  (VIOLATED) 
     PIN : U2230/Y              8.00           8.01          -0.01  (VIOLATED) 

   u_NV_NVDLA_mcif_u_read_u_ig_u_bpt0_pipe_p1_n6
                               16.00          16.01          -0.01  (VIOLATED) 
     PIN : u_NV_NVDLA_mcif_u_read_u_ig_u_bpt0_pipe_p1_U60/Y
                               16.00          16.01          -0.01  (VIOLATED) 

   net_net_8509                 8.00           8.01          -0.01  (VIOLATED) 
     PIN : PLACE_BINV_RR_32618/Y
                                8.00           8.01          -0.01  (VIOLATED) 

   PLACE_HFSNET_995            16.00          16.01          -0.01  (VIOLATED) 
     PIN : PLACE_HFSBUF_125_1024/Y
                               16.00          16.01          -0.01  (VIOLATED) 

   net_aps_28562               16.00          16.01          -0.01  (VIOLATED) 
     PIN : PLACE_RLB_52670/Y
                               16.00          16.01          -0.01  (VIOLATED) 

   BUF_net_12795               16.00          16.01          -0.01  (VIOLATED) 
     PIN : PLACE_BINV_R_36903/Y
                               16.00          16.01          -0.01  (VIOLATED) 

   PLACE_HFSNET_15869           8.00           8.01          -0.01  (VIOLATED) 
     PIN : PLACE_HFSINV_1658_15898/Y
                                8.00           8.01          -0.01  (VIOLATED) 

   BUF_net_14540               32.00          32.01          -0.01  (VIOLATED) 
     PIN : PLACE_BINV_R_38648/Y
                               32.00          32.01          -0.01  (VIOLATED) 

   u_NV_NVDLA_cdp_u_dp_u_NV_NVDLA_CDP_DP_lut_density_reg137[8]
                                8.00           8.01          -0.01  (VIOLATED) 
     PIN : u_NV_NVDLA_cdp_u_dp_u_NV_NVDLA_CDP_DP_lut_density_reg137_reg_8_/Q
                                8.00           8.01          -0.01  (VIOLATED) 

   sdp_n2mcif_rd_req_pd[24]    16.00          16.01          -0.01  (VIOLATED) 
     PORT: sdp_n2mcif_rd_req_pd[24]
                               16.00          16.01          -0.01  (VIOLATED) 

   PLACE_HFSNET_7029            8.00           8.01          -0.01  (VIOLATED) 
     PIN : PLACE_HFSINV_234_7058/Y
                                8.00           8.01          -0.01  (VIOLATED) 

   BUF_net_12418               16.00          16.01          -0.01  (VIOLATED) 
     PIN : PLACE_BUFT_P_36526/Y
                               16.00          16.01          -0.01  (VIOLATED) 

   u_NV_NVDLA_cdp_reg2dp_lut_le_end_low[6]
                                8.00           8.01          -0.01  (VIOLATED) 
     PIN : u_NV_NVDLA_cdp_u_reg_u_single_reg_lut_le_end_low_reg_6_/Q
                                8.00           8.01          -0.01  (VIOLATED) 

   u_NV_NVDLA_mcif_u_read_u_ig_u_bpt6_in_vld
                                8.00           8.01          -0.01  (VIOLATED) 
     PIN : u_NV_NVDLA_mcif_u_read_u_ig_u_bpt6_pipe_p2_p2_pipe_valid_reg/Q
                                8.00           8.01          -0.01  (VIOLATED) 

   u_NV_NVDLA_cdp_u_dp_u_NV_NVDLA_CDP_DP_bufferin_data_shift_13[6]
                                8.00           8.01          -0.01  (VIOLATED) 
     PIN : u_NV_NVDLA_cdp_u_dp_u_NV_NVDLA_CDP_DP_bufferin_data_shift_13_reg_6_/Q
                                8.00           8.01          -0.01  (VIOLATED) 

   u_NV_NVDLA_pdp_u_core_u_cal1d_unit1d_6_n28
                                8.00           8.01          -0.01  (VIOLATED) 
     PIN : u_NV_NVDLA_pdp_u_core_u_cal1d_unit1d_6_U45/Y
                                8.00           8.01          -0.01  (VIOLATED) 

   BUF_net_23267               16.00          16.01          -0.01  (VIOLATED) 
     PIN : PLACE_BUFT_P_47375/Y
                               16.00          16.01          -0.01  (VIOLATED) 

   u_NV_NVDLA_cdp_u_dp_u_NV_NVDLA_CDP_DP_lut_n7837
                                8.00           8.01          -0.01  (VIOLATED) 
     PIN : u_NV_NVDLA_cdp_u_dp_u_NV_NVDLA_CDP_DP_lut_U8349/Y
                                8.00           8.01          -0.01  (VIOLATED) 

   BUF_net_24139                8.00           8.01          -0.01  (VIOLATED) 
     PIN : PLACE_BINV_R_48247/Y
                                8.00           8.01          -0.01  (VIOLATED) 

   iso_net_u_NV_NVDLA_pdp_u_core_u_cal2d_bank0_uram_0_r_nv_ram_rws_128x18_ram_Inst_128X18_O2_11_
                               16.00          16.01          -0.01  (VIOLATED) 
     PIN : iso_buf_u_NV_NVDLA_pdp_u_core_u_cal2d_bank0_uram_0_r_nv_ram_rws_128x18_ram_Inst_128X18_O2_11_/Y
                               16.00          16.01          -0.01  (VIOLATED) 

   PLACE_HFSNET_140            32.00          32.01          -0.01  (VIOLATED) 
     PIN : PLACE_HFSINV_206_169/Y
                               32.00          32.01          -0.01  (VIOLATED) 

   u_NV_NVDLA_mcif_u_read_u_cq_N3576
                                8.00           8.00          -0.00  (VIOLATED) 
     PIN : u_NV_NVDLA_mcif_u_read_u_cq_C24889/Y
                                8.00           8.00          -0.00  (VIOLATED) 

   PLACE_HFSNET_13822          16.00          16.00          -0.00  (VIOLATED) 
     PIN : PLACE_HFSINV_5502_13851/Y
                               16.00          16.00          -0.00  (VIOLATED) 

   BUF_net_12473               16.00          16.00          -0.00  (VIOLATED) 
     PIN : PLACE_BINV_R_36581/Y
                               16.00          16.00          -0.00  (VIOLATED) 

   PLACE_HFSNET_2699           16.00          16.00          -0.00  (VIOLATED) 
     PIN : PLACE_HFSINV_108318_2728/Y
                               16.00          16.00          -0.00  (VIOLATED) 

   BUF_net_20465               16.00          16.00          -0.00  (VIOLATED) 
     PIN : PLACE_BINV_R_44573/Y
                               16.00          16.00          -0.00  (VIOLATED) 

   u_NV_NVDLA_csb_master_n164
                                8.00           8.00          -0.00  (VIOLATED) 
     PIN : u_NV_NVDLA_csb_master_U235/Y
                                8.00           8.00          -0.00  (VIOLATED) 

   BUF_net_16751               16.00          16.00          -0.00  (VIOLATED) 
     PIN : PLACE_BINV_R_40859/Y
                               16.00          16.00          -0.00  (VIOLATED) 

   PLACE_HFSNET_13885           8.00           8.00          -0.00  (VIOLATED) 
     PIN : PLACE_HFSINV_2237_13914/Y
                                8.00           8.00          -0.00  (VIOLATED) 

   BUF_net_12637               16.00          16.00          -0.00  (VIOLATED) 
     PIN : PLACE_BINV_R_36745/Y
                               16.00          16.00          -0.00  (VIOLATED) 

   u_NV_NVDLA_cdp_u_dp_u_NV_NVDLA_CDP_DP_lut_n1769
                                8.00           8.00          -0.00  (VIOLATED) 
     PIN : u_NV_NVDLA_cdp_u_dp_u_NV_NVDLA_CDP_DP_lut_U2304/Y
                                8.00           8.00          -0.00  (VIOLATED) 

   BUF_net_22807               16.00          16.00          -0.00  (VIOLATED) 
     PIN : PLACE_BINV_R_46915/Y
                               16.00          16.00          -0.00  (VIOLATED) 

   u_NV_NVDLA_cdp_u_dp_u_NV_NVDLA_CDP_DP_lut_density_reg144[13]
                                8.00           8.00          -0.00  (VIOLATED) 
     PIN : u_NV_NVDLA_cdp_u_dp_u_NV_NVDLA_CDP_DP_lut_density_reg144_reg_13_/Q
                                8.00           8.00          -0.00  (VIOLATED) 

   u_NV_NVDLA_mcif_u_write_u_cq_N8455
                                8.00           8.00          -0.00  (VIOLATED) 
     PIN : u_NV_NVDLA_mcif_u_write_u_cq_C15266/Y
                                8.00           8.00          -0.00  (VIOLATED) 

   BUF_net_20209               16.00          16.00          -0.00  (VIOLATED) 
     PIN : PLACE_BINV_R_44317/Y
                               16.00          16.00          -0.00  (VIOLATED) 

   PLACE_HFSNET_5236            8.00           8.00          -0.00  (VIOLATED) 
     PIN : PLACE_HFSINV_514_5265/Y
                                8.00           8.00          -0.00  (VIOLATED) 

   PLACE_HFSNET_8943           16.00          16.00          -0.00  (VIOLATED) 
     PIN : PLACE_HFSBUF_346_8972/Y
                               16.00          16.00          -0.00  (VIOLATED) 

   u_NV_NVDLA_cdp_u_dp_u_NV_NVDLA_CDP_DP_lut_density_reg249[0]
                                8.00           8.00          -0.00  (VIOLATED) 
     PIN : u_NV_NVDLA_cdp_u_dp_u_NV_NVDLA_CDP_DP_lut_density_reg249_reg_0_/Q
                                8.00           8.00          -0.00  (VIOLATED) 

   BUF_net_23416                8.00           8.00          -0.00  (VIOLATED) 
     PIN : PLACE_BINV_R_47524/Y
                                8.00           8.00          -0.00  (VIOLATED) 

  ---------------------------------------------------------------------------
   Number of max_capacitance violation(s): 468


   Mode: func Corner: slow_cmax
   Scenario: func_slow_cmax
  ---------------------------------------------------------------------------
   Number of min_capacitance violation(s): 0

   Total number of violation(s): 468
1
